{"type":"FeatureCollection","features":[{"type":"Feature","geometry":{"type":"Point","coordinates":[55.94,25.79]},"properties":{"p":352}},{"type":"Feature","geometry":{"type":"Point","coordinates":[55.31,25.08]},"properties":{"p":2957}},{"type":"Feature","geometry":{"type":"Point","coordinates":[55.41,25.34]},"properties":{"p":1324}},{"type":"Feature","geometry":{"type":"Point","coordinates":[55.48,25.4]},"properties":{"p":490}},{"type":"Feature","geometry":{"type":"Point","coordinates":[54.4,24.45]},"properties":{"p":603}},{"type":"Feature","geometry":{"type":"Point","coordinates":[54.48,24.36]},"properties":{"p":243}},{"type":"Feature","geometry":{"type":"Point","coordinates":[67.11,36.71]},"properties":{"p":303}},{"type":"Feature","geometry":{"type":"Point","coordinates":[68.86,36.73]},"properties":{"p":162}},{"type":"Feature","geometry":{"type":"Point","coordinates":[65.71,31.61]},"properties":{"p":391}},{"type":"Feature","geometry":{"type":"Point","coordinates":[69.17,34.53]},"properties":{"p":3044}},{"type":"Feature","geometry":{"type":"Point","coordinates":[70.45,34.43]},"properties":{"p":200}},{"type":"Feature","geometry":{"type":"Point","coordinates":[62.2,34.35]},"properties":{"p":273}},{"type":"Feature","geometry":{"type":"Point","coordinates":[19.82,41.33]},"properties":{"p":375}},{"type":"Feature","geometry":{"type":"Point","coordinates":[44.51,40.18]},"properties":{"p":1093}},{"type":"Feature","geometry":{"type":"Point","coordinates":[14.91,-9.3]},"properties":{"p":383}},{"type":"Feature","geometry":{"type":"Point","coordinates":[13.23,-8.84]},"properties":{"p":2776}},{"type":"Feature","geometry":{"type":"Point","coordinates":[13.54,-12.36]},"properties":{"p":208}},{"type":"Feature","geometry":{"type":"Point","coordinates":[15.74,-12.78]},"properties":{"p":226}},{"type":"Feature","geometry":{"type":"Point","coordinates":[13.41,-12.58]},"properties":{"p":151}},{"type":"Feature","geometry":{"type":"Point","coordinates":[-58.98,-27.46]},"properties":{"p":387}},{"type":"Feature","geometry":{"type":"Point","coordinates":[-58.26,-34.73]},"properties":{"p":230}},{"type":"Feature","geometry":{"type":"Point","coordinates":[-55.9,-27.37]},"properties":{"p":324}},{"type":"Feature","geometry":{"type":"Point","coordinates":[-58.91,-34.46]},"properties":{"p":227}},{"type":"Feature","geometry":{"type":"Point","coordinates":[-58.62,-34.65]},"properties":{"p":320}},{"type":"Feature","geometry":{"type":"Point","coordinates":[-58.73,-34.67]},"properties":{"p":244}},{"type":"Feature","geometry":{"type":"Point","coordinates":[-57.56,-38]},"properties":{"p":554}},{"type":"Feature","geometry":{"type":"Point","coordinates":[-57.95,-34.92]},"properties":{"p":694}},{"type":"Feature","geometry":{"type":"Point","coordinates":[-58.17,-26.18]},"properties":{"p":221}},{"type":"Feature","geometry":{"type":"Point","coordinates":[-58.83,-27.47]},"properties":{"p":339}},{"type":"Feature","geometry":{"type":"Point","coordinates":[-58.38,-34.61]},"properties":{"p":13076}},{"type":"Feature","geometry":{"type":"Point","coordinates":[-58.21,-34.77]},"properties":{"p":167}},{"type":"Feature","geometry":{"type":"Point","coordinates":[-64.26,-27.8]},"properties":{"p":355}},{"type":"Feature","geometry":{"type":"Point","coordinates":[-60.71,-31.65]},"properties":{"p":490}},{"type":"Feature","geometry":{"type":"Point","coordinates":[-65.3,-24.19]},"properties":{"p":306}},{"type":"Feature","geometry":{"type":"Point","coordinates":[-65.22,-26.82]},"properties":{"p":781}},{"type":"Feature","geometry":{"type":"Point","coordinates":[-66.34,-33.3]},"properties":{"p":184}},{"type":"Feature","geometry":{"type":"Point","coordinates":[-68.54,-31.54]},"properties":{"p":447}},{"type":"Feature","geometry":{"type":"Point","coordinates":[-65.79,-28.47]},"properties":{"p":189}},{"type":"Feature","geometry":{"type":"Point","coordinates":[-65.41,-24.79]},"properties":{"p":513}},{"type":"Feature","geometry":{"type":"Point","coordinates":[-60.64,-32.95]},"properties":{"p":1174}},{"type":"Feature","geometry":{"type":"Point","coordinates":[-64.35,-33.13]},"properties":{"p":154}},{"type":"Feature","geometry":{"type":"Point","coordinates":[-60.53,-31.73]},"properties":{"p":262}},{"type":"Feature","geometry":{"type":"Point","coordinates":[-68.06,-38.95]},"properties":{"p":242}},{"type":"Feature","geometry":{"type":"Point","coordinates":[-68.83,-32.89]},"properties":{"p":877}},{"type":"Feature","geometry":{"type":"Point","coordinates":[-66.85,-29.41]},"properties":{"p":163}},{"type":"Feature","geometry":{"type":"Point","coordinates":[-64.18,-31.41]},"properties":{"p":1428}},{"type":"Feature","geometry":{"type":"Point","coordinates":[-62.27,-38.72]},"properties":{"p":277}},{"type":"Feature","geometry":{"type":"Point","coordinates":[-58.4,-34.61]},"properties":{"p":152}},{"type":"Feature","geometry":{"type":"Point","coordinates":[-58.71,-34.54]},"properties":{"p":158}},{"type":"Feature","geometry":{"type":"Point","coordinates":[-58.77,-34.52]},"properties":{"p":230}},{"type":"Feature","geometry":{"type":"Point","coordinates":[16.37,48.21]},"properties":{"p":1691}},{"type":"Feature","geometry":{"type":"Point","coordinates":[13.04,47.8]},"properties":{"p":153}},{"type":"Feature","geometry":{"type":"Point","coordinates":[14.29,48.31]},"properties":{"p":205}},{"type":"Feature","geometry":{"type":"Point","coordinates":[15.45,47.07]},"properties":{"p":222}},{"type":"Feature","geometry":{"type":"Point","coordinates":[16.4,48.25]},"properties":{"p":163}},{"type":"Feature","geometry":{"type":"Point","coordinates":[16.38,48.16]},"properties":{"p":202}},{"type":"Feature","geometry":{"type":"Point","coordinates":[16.46,48.23]},"properties":{"p":187}},{"type":"Feature","geometry":{"type":"Point","coordinates":[115.86,-31.95]},"properties":{"p":1897}},{"type":"Feature","geometry":{"type":"Point","coordinates":[138.6,-34.93]},"properties":{"p":1225}},{"type":"Feature","geometry":{"type":"Point","coordinates":[146.81,-19.27]},"properties":{"p":196}},{"type":"Feature","geometry":{"type":"Point","coordinates":[151.21,-33.87]},"properties":{"p":4627}},{"type":"Feature","geometry":{"type":"Point","coordinates":[151.78,-32.93]},"properties":{"p":308}},{"type":"Feature","geometry":{"type":"Point","coordinates":[144.96,-37.81]},"properties":{"p":4246}},{"type":"Feature","geometry":{"type":"Point","coordinates":[147.33,-42.88]},"properties":{"p":217}},{"type":"Feature","geometry":{"type":"Point","coordinates":[153.43,-28]},"properties":{"p":591}},{"type":"Feature","geometry":{"type":"Point","coordinates":[144.36,-38.15]},"properties":{"p":226}},{"type":"Feature","geometry":{"type":"Point","coordinates":[150.89,-34.42]},"properties":{"p":292}},{"type":"Feature","geometry":{"type":"Point","coordinates":[149.13,-35.28]},"properties":{"p":368}},{"type":"Feature","geometry":{"type":"Point","coordinates":[145.77,-16.92]},"properties":{"p":153}},{"type":"Feature","geometry":{"type":"Point","coordinates":[153.03,-27.47]},"properties":{"p":2190}},{"type":"Feature","geometry":{"type":"Point","coordinates":[153.11,-27.64]},"properties":{"p":283}},{"type":"Feature","geometry":{"type":"Point","coordinates":[48.85,38.75]},"properties":{"p":240}},{"type":"Feature","geometry":{"type":"Point","coordinates":[49.67,40.59]},"properties":{"p":265}},{"type":"Feature","geometry":{"type":"Point","coordinates":[46.36,40.68]},"properties":{"p":313}},{"type":"Feature","geometry":{"type":"Point","coordinates":[49.89,40.38]},"properties":{"p":1117}},{"type":"Feature","geometry":{"type":"Point","coordinates":[17.9,44.2]},"properties":{"p":164}},{"type":"Feature","geometry":{"type":"Point","coordinates":[18.36,43.85]},"properties":{"p":697}},{"type":"Feature","geometry":{"type":"Point","coordinates":[17.19,44.78]},"properties":{"p":221}},{"type":"Feature","geometry":{"type":"Point","coordinates":[90.4,23.89]},"properties":{"p":338}},{"type":"Feature","geometry":{"type":"Point","coordinates":[91.87,24.9]},"properties":{"p":237}},{"type":"Feature","geometry":{"type":"Point","coordinates":[89.95,24.92]},"properties":{"p":168}},{"type":"Feature","geometry":{"type":"Point","coordinates":[89.32,25]},"properties":{"p":379}},{"type":"Feature","geometry":{"type":"Point","coordinates":[90.72,23.92]},"properties":{"p":281}},{"type":"Feature","geometry":{"type":"Point","coordinates":[88.6,24.37]},"properties":{"p":700}},{"type":"Feature","geometry":{"type":"Point","coordinates":[90.5,23.61]},"properties":{"p":224}},{"type":"Feature","geometry":{"type":"Point","coordinates":[89.88,24.06]},"properties":{"p":238}},{"type":"Feature","geometry":{"type":"Point","coordinates":[90.41,24.76]},"properties":{"p":225}},{"type":"Feature","geometry":{"type":"Point","coordinates":[91.19,23.46]},"properties":{"p":389}},{"type":"Feature","geometry":{"type":"Point","coordinates":[89.25,25.75]},"properties":{"p":343}},{"type":"Feature","geometry":{"type":"Point","coordinates":[90.41,23.71]},"properties":{"p":10357}},{"type":"Feature","geometry":{"type":"Point","coordinates":[89.79,22.66]},"properties":{"p":266}},{"type":"Feature","geometry":{"type":"Point","coordinates":[88.95,24.8]},"properties":{"p":192}},{"type":"Feature","geometry":{"type":"Point","coordinates":[88.64,25.63]},"properties":{"p":206}},{"type":"Feature","geometry":{"type":"Point","coordinates":[91.83,22.34]},"properties":{"p":3920}},{"type":"Feature","geometry":{"type":"Point","coordinates":[92.01,21.44]},"properties":{"p":254}},{"type":"Feature","geometry":{"type":"Point","coordinates":[89.56,22.81]},"properties":{"p":1342}},{"type":"Feature","geometry":{"type":"Point","coordinates":[90.37,22.7]},"properties":{"p":202}},{"type":"Feature","geometry":{"type":"Point","coordinates":[89.21,23.17]},"properties":{"p":244}},{"type":"Feature","geometry":{"type":"Point","coordinates":[89.24,24.01]},"properties":{"p":187}},{"type":"Feature","geometry":{"type":"Point","coordinates":[89.92,24.25]},"properties":{"p":180}},{"type":"Feature","geometry":{"type":"Point","coordinates":[89.37,24.85]},"properties":{"p":210}},{"type":"Feature","geometry":{"type":"Point","coordinates":[88.89,25.78]},"properties":{"p":199}},{"type":"Feature","geometry":{"type":"Point","coordinates":[88.83,24.37]},"properties":{"p":159}},{"type":"Feature","geometry":{"type":"Point","coordinates":[88.99,24.41]},"properties":{"p":369}},{"type":"Feature","geometry":{"type":"Point","coordinates":[90.41,23.74]},"properties":{"p":184}},{"type":"Feature","geometry":{"type":"Point","coordinates":[5.57,50.63]},"properties":{"p":183}},{"type":"Feature","geometry":{"type":"Point","coordinates":[3.72,51.05]},"properties":{"p":231}},{"type":"Feature","geometry":{"type":"Point","coordinates":[4.44,50.41]},"properties":{"p":200}},{"type":"Feature","geometry":{"type":"Point","coordinates":[4.35,50.85]},"properties":{"p":1019}},{"type":"Feature","geometry":{"type":"Point","coordinates":[4.4,51.22]},"properties":{"p":460}},{"type":"Feature","geometry":{"type":"Point","coordinates":[-1.53,12.37]},"properties":{"p":1087}},{"type":"Feature","geometry":{"type":"Point","coordinates":[-4.3,11.18]},"properties":{"p":360}},{"type":"Feature","geometry":{"type":"Point","coordinates":[27.92,43.22]},"properties":{"p":313}},{"type":"Feature","geometry":{"type":"Point","coordinates":[23.32,42.7]},"properties":{"p":1153}},{"type":"Feature","geometry":{"type":"Point","coordinates":[25.95,43.85]},"properties":{"p":156}},{"type":"Feature","geometry":{"type":"Point","coordinates":[24.75,42.15]},"properties":{"p":340}},{"type":"Feature","geometry":{"type":"Point","coordinates":[27.47,42.51]},"properties":{"p":196}},{"type":"Feature","geometry":{"type":"Point","coordinates":[29.36,-3.38]},"properties":{"p":332}},{"type":"Feature","geometry":{"type":"Point","coordinates":[2.6,6.5]},"properties":{"p":234}},{"type":"Feature","geometry":{"type":"Point","coordinates":[2.63,9.34]},"properties":{"p":164}},{"type":"Feature","geometry":{"type":"Point","coordinates":[1.67,9.71]},"properties":{"p":237}},{"type":"Feature","geometry":{"type":"Point","coordinates":[2.42,6.37]},"properties":{"p":780}},{"type":"Feature","geometry":{"type":"Point","coordinates":[2.36,6.45]},"properties":{"p":386}},{"type":"Feature","geometry":{"type":"Point","coordinates":[-64.73,-21.54]},"properties":{"p":159}},{"type":"Feature","geometry":{"type":"Point","coordinates":[-65.26,-19.03]},"properties":{"p":225}},{"type":"Feature","geometry":{"type":"Point","coordinates":[-63.18,-17.79]},"properties":{"p":1364}},{"type":"Feature","geometry":{"type":"Point","coordinates":[-67.15,-17.98]},"properties":{"p":209}},{"type":"Feature","geometry":{"type":"Point","coordinates":[-68.15,-16.5]},"properties":{"p":813}},{"type":"Feature","geometry":{"type":"Point","coordinates":[-66.16,-17.39]},"properties":{"p":900}},{"type":"Feature","geometry":{"type":"Point","coordinates":[-42.8,-5.09]},"properties":{"p":745}},{"type":"Feature","geometry":{"type":"Point","coordinates":[-40.35,-3.69]},"properties":{"p":158}},{"type":"Feature","geometry":{"type":"Point","coordinates":[-44.3,-2.53]},"properties":{"p":917}},{"type":"Feature","geometry":{"type":"Point","coordinates":[-54.71,-2.44]},"properties":{"p":189}},{"type":"Feature","geometry":{"type":"Point","coordinates":[-34.88,-8.05]},"properties":{"p":1478}},{"type":"Feature","geometry":{"type":"Point","coordinates":[-40.5,-9.4]},"properties":{"p":195}},{"type":"Feature","geometry":{"type":"Point","coordinates":[-34.87,-7.94]},"properties":{"p":290}},{"type":"Feature","geometry":{"type":"Point","coordinates":[-35.26,-5.92]},"properties":{"p":150}},{"type":"Feature","geometry":{"type":"Point","coordinates":[-34.86,-8.01]},"properties":{"p":367}},{"type":"Feature","geometry":{"type":"Point","coordinates":[-35.21,-5.79]},"properties":{"p":763}},{"type":"Feature","geometry":{"type":"Point","coordinates":[-37.34,-5.19]},"properties":{"p":202}},{"type":"Feature","geometry":{"type":"Point","coordinates":[-38.63,-3.88]},"properties":{"p":194}},{"type":"Feature","geometry":{"type":"Point","coordinates":[-35.74,-9.67]},"properties":{"p":955}},{"type":"Feature","geometry":{"type":"Point","coordinates":[-51.07,0.04]},"properties":{"p":339}},{"type":"Feature","geometry":{"type":"Point","coordinates":[-39.32,-7.21]},"properties":{"p":225}},{"type":"Feature","geometry":{"type":"Point","coordinates":[-34.86,-7.11]},"properties":{"p":651}},{"type":"Feature","geometry":{"type":"Point","coordinates":[-35,-8.18]},"properties":{"p":703}},{"type":"Feature","geometry":{"type":"Point","coordinates":[-47.49,-5.53]},"properties":{"p":218}},{"type":"Feature","geometry":{"type":"Point","coordinates":[-38.54,-3.72]},"properties":{"p":2400}},{"type":"Feature","geometry":{"type":"Point","coordinates":[-38.65,-3.74]},"properties":{"p":275}},{"type":"Feature","geometry":{"type":"Point","coordinates":[-35.98,-8.28]},"properties":{"p":235}},{"type":"Feature","geometry":{"type":"Point","coordinates":[-35.88,-7.23]},"properties":{"p":349}},{"type":"Feature","geometry":{"type":"Point","coordinates":[-48.5,-1.46]},"properties":{"p":1408}},{"type":"Feature","geometry":{"type":"Point","coordinates":[-36.66,-9.75]},"properties":{"p":167}},{"type":"Feature","geometry":{"type":"Point","coordinates":[-48.37,-1.37]},"properties":{"p":434}},{"type":"Feature","geometry":{"type":"Point","coordinates":[-44.1,-22.52]},"properties":{"p":250}},{"type":"Feature","geometry":{"type":"Point","coordinates":[-40.84,-14.87]},"properties":{"p":253}},{"type":"Feature","geometry":{"type":"Point","coordinates":[-40.34,-20.32]},"properties":{"p":313}},{"type":"Feature","geometry":{"type":"Point","coordinates":[-40.29,-20.33]},"properties":{"p":395}},{"type":"Feature","geometry":{"type":"Point","coordinates":[-51.02,-30.08]},"properties":{"p":285}},{"type":"Feature","geometry":{"type":"Point","coordinates":[-56.13,-15.65]},"properties":{"p":250}},{"type":"Feature","geometry":{"type":"Point","coordinates":[-48.28,-18.92]},"properties":{"p":564}},{"type":"Feature","geometry":{"type":"Point","coordinates":[-47.93,-19.75]},"properties":{"p":261}},{"type":"Feature","geometry":{"type":"Point","coordinates":[-45.56,-23.03]},"properties":{"p":252}},{"type":"Feature","geometry":{"type":"Point","coordinates":[-46.79,-23.63]},"properties":{"p":215}},{"type":"Feature","geometry":{"type":"Point","coordinates":[-46.31,-23.54]},"properties":{"p":283}},{"type":"Feature","geometry":{"type":"Point","coordinates":[-47.27,-22.82]},"properties":{"p":228}},{"type":"Feature","geometry":{"type":"Point","coordinates":[-47.46,-23.5]},"properties":{"p":559}},{"type":"Feature","geometry":{"type":"Point","coordinates":[-44.25,-19.47]},"properties":{"p":201}},{"type":"Feature","geometry":{"type":"Point","coordinates":[-40.31,-20.13]},"properties":{"p":394}},{"type":"Feature","geometry":{"type":"Point","coordinates":[-46.39,-23.96]},"properties":{"p":324}},{"type":"Feature","geometry":{"type":"Point","coordinates":[-46.64,-23.55]},"properties":{"p":10021}},{"type":"Feature","geometry":{"type":"Point","coordinates":[-51.15,-29.76]},"properties":{"p":209}},{"type":"Feature","geometry":{"type":"Point","coordinates":[-45.89,-23.18]},"properties":{"p":614}},{"type":"Feature","geometry":{"type":"Point","coordinates":[-49.38,-20.82]},"properties":{"p":375}},{"type":"Feature","geometry":{"type":"Point","coordinates":[-49.16,-28.21]},"properties":{"p":200}},{"type":"Feature","geometry":{"type":"Point","coordinates":[-43.37,-22.8]},"properties":{"p":455}},{"type":"Feature","geometry":{"type":"Point","coordinates":[-47.89,-22.02]},"properties":{"p":205}},{"type":"Feature","geometry":{"type":"Point","coordinates":[-46.56,-23.69]},"properties":{"p":743}},{"type":"Feature","geometry":{"type":"Point","coordinates":[-46.33,-23.96]},"properties":{"p":411}},{"type":"Feature","geometry":{"type":"Point","coordinates":[-46.54,-23.66]},"properties":{"p":662}},{"type":"Feature","geometry":{"type":"Point","coordinates":[-53.81,-29.68]},"properties":{"p":249}},{"type":"Feature","geometry":{"type":"Point","coordinates":[-43.85,-19.77]},"properties":{"p":244}},{"type":"Feature","geometry":{"type":"Point","coordinates":[-47.41,-22.75]},"properties":{"p":188}},{"type":"Feature","geometry":{"type":"Point","coordinates":[-38.51,-12.97]},"properties":{"p":2712}},{"type":"Feature","geometry":{"type":"Point","coordinates":[-54.64,-16.47]},"properties":{"p":153}},{"type":"Feature","geometry":{"type":"Point","coordinates":[-50.93,-17.8]},"properties":{"p":230}},{"type":"Feature","geometry":{"type":"Point","coordinates":[-52.1,-32.03]},"properties":{"p":188}},{"type":"Feature","geometry":{"type":"Point","coordinates":[-43.18,-22.91]},"properties":{"p":6024}},{"type":"Feature","geometry":{"type":"Point","coordinates":[-47.56,-22.41]},"properties":{"p":180}},{"type":"Feature","geometry":{"type":"Point","coordinates":[-47.81,-21.18]},"properties":{"p":620}},{"type":"Feature","geometry":{"type":"Point","coordinates":[-44.09,-19.77]},"properties":{"p":407}},{"type":"Feature","geometry":{"type":"Point","coordinates":[-51.39,-22.13]},"properties":{"p":210}},{"type":"Feature","geometry":{"type":"Point","coordinates":[-46.4,-24.01]},"properties":{"p":250}},{"type":"Feature","geometry":{"type":"Point","coordinates":[-51.23,-30.03]},"properties":{"p":1373}},{"type":"Feature","geometry":{"type":"Point","coordinates":[-50.16,-25.09]},"properties":{"p":292}},{"type":"Feature","geometry":{"type":"Point","coordinates":[-47.65,-22.73]},"properties":{"p":342}},{"type":"Feature","geometry":{"type":"Point","coordinates":[-43.18,-22.5]},"properties":{"p":273}},{"type":"Feature","geometry":{"type":"Point","coordinates":[-52.34,-31.77]},"properties":{"p":321}},{"type":"Feature","geometry":{"type":"Point","coordinates":[-52.41,-28.26]},"properties":{"p":180}},{"type":"Feature","geometry":{"type":"Point","coordinates":[-46.79,-23.53]},"properties":{"p":678}},{"type":"Feature","geometry":{"type":"Point","coordinates":[-51.13,-29.68]},"properties":{"p":254}},{"type":"Feature","geometry":{"type":"Point","coordinates":[-43.45,-22.76]},"properties":{"p":1002}},{"type":"Feature","geometry":{"type":"Point","coordinates":[-42.53,-22.28]},"properties":{"p":153}},{"type":"Feature","geometry":{"type":"Point","coordinates":[-37.13,-10.85]},"properties":{"p":164}},{"type":"Feature","geometry":{"type":"Point","coordinates":[-43.1,-22.88]},"properties":{"p":456}},{"type":"Feature","geometry":{"type":"Point","coordinates":[-43.86,-16.73]},"properties":{"p":332}},{"type":"Feature","geometry":{"type":"Point","coordinates":[-46.19,-23.52]},"properties":{"p":326}},{"type":"Feature","geometry":{"type":"Point","coordinates":[-46.46,-23.67]},"properties":{"p":386}},{"type":"Feature","geometry":{"type":"Point","coordinates":[-51.94,-23.43]},"properties":{"p":312}},{"type":"Feature","geometry":{"type":"Point","coordinates":[-49.95,-22.21]},"properties":{"p":212}},{"type":"Feature","geometry":{"type":"Point","coordinates":[-51.16,-23.31]},"properties":{"p":472}},{"type":"Feature","geometry":{"type":"Point","coordinates":[-47.4,-22.56]},"properties":{"p":290}},{"type":"Feature","geometry":{"type":"Point","coordinates":[-50.33,-27.82]},"properties":{"p":165}},{"type":"Feature","geometry":{"type":"Point","coordinates":[-46.88,-23.19]},"properties":{"p":322}},{"type":"Feature","geometry":{"type":"Point","coordinates":[-43.35,-21.76]},"properties":{"p":470}},{"type":"Feature","geometry":{"type":"Point","coordinates":[-48.85,-26.3]},"properties":{"p":461}},{"type":"Feature","geometry":{"type":"Point","coordinates":[-45.97,-23.31]},"properties":{"p":213}},{"type":"Feature","geometry":{"type":"Point","coordinates":[-46.35,-23.49]},"properties":{"p":337}},{"type":"Feature","geometry":{"type":"Point","coordinates":[-46.93,-23.55]},"properties":{"p":202}},{"type":"Feature","geometry":{"type":"Point","coordinates":[-46.85,-23.72]},"properties":{"p":152}},{"type":"Feature","geometry":{"type":"Point","coordinates":[-48.66,-26.91]},"properties":{"p":156}},{"type":"Feature","geometry":{"type":"Point","coordinates":[-39.28,-14.79]},"properties":{"p":206}},{"type":"Feature","geometry":{"type":"Point","coordinates":[-42.86,-22.74]},"properties":{"p":182}},{"type":"Feature","geometry":{"type":"Point","coordinates":[-42.54,-19.47]},"properties":{"p":229}},{"type":"Feature","geometry":{"type":"Point","coordinates":[-47.21,-23.09]},"properties":{"p":180}},{"type":"Feature","geometry":{"type":"Point","coordinates":[-39.04,-14.79]},"properties":{"p":155}},{"type":"Feature","geometry":{"type":"Point","coordinates":[-47.22,-22.86]},"properties":{"p":204}},{"type":"Feature","geometry":{"type":"Point","coordinates":[-46.53,-23.46]},"properties":{"p":1170}},{"type":"Feature","geometry":{"type":"Point","coordinates":[-46.26,-23.99]},"properties":{"p":310}},{"type":"Feature","geometry":{"type":"Point","coordinates":[-51.47,-25.39]},"properties":{"p":151}},{"type":"Feature","geometry":{"type":"Point","coordinates":[-50.99,-29.94]},"properties":{"p":239}},{"type":"Feature","geometry":{"type":"Point","coordinates":[-41.95,-18.85]},"properties":{"p":251}},{"type":"Feature","geometry":{"type":"Point","coordinates":[-49.25,-16.68]},"properties":{"p":1171}},{"type":"Feature","geometry":{"type":"Point","coordinates":[-46.75,-23.28]},"properties":{"p":172}},{"type":"Feature","geometry":{"type":"Point","coordinates":[-47.4,-20.54]},"properties":{"p":305}},{"type":"Feature","geometry":{"type":"Point","coordinates":[-54.59,-25.55]},"properties":{"p":294}},{"type":"Feature","geometry":{"type":"Point","coordinates":[-48.55,-27.6]},"properties":{"p":413}},{"type":"Feature","geometry":{"type":"Point","coordinates":[-46.37,-23.54]},"properties":{"p":168}},{"type":"Feature","geometry":{"type":"Point","coordinates":[-38.97,-12.27]},"properties":{"p":482}},{"type":"Feature","geometry":{"type":"Point","coordinates":[-46.85,-23.65]},"properties":{"p":222}},{"type":"Feature","geometry":{"type":"Point","coordinates":[-43.31,-22.79]},"properties":{"p":818}},{"type":"Feature","geometry":{"type":"Point","coordinates":[-54.81,-22.22]},"properties":{"p":162}},{"type":"Feature","geometry":{"type":"Point","coordinates":[-44.89,-20.14]},"properties":{"p":194}},{"type":"Feature","geometry":{"type":"Point","coordinates":[-46.62,-23.69]},"properties":{"p":391}},{"type":"Feature","geometry":{"type":"Point","coordinates":[-49.27,-25.43]},"properties":{"p":1718}},{"type":"Feature","geometry":{"type":"Point","coordinates":[-56.1,-15.6]},"properties":{"p":522}},{"type":"Feature","geometry":{"type":"Point","coordinates":[-49.37,-28.68]},"properties":{"p":162}},{"type":"Feature","geometry":{"type":"Point","coordinates":[-46.92,-23.6]},"properties":{"p":175}},{"type":"Feature","geometry":{"type":"Point","coordinates":[-44.05,-19.93]},"properties":{"p":627}},{"type":"Feature","geometry":{"type":"Point","coordinates":[-49.22,-25.29]},"properties":{"p":217}},{"type":"Feature","geometry":{"type":"Point","coordinates":[-52.62,-27.1]},"properties":{"p":160}},{"type":"Feature","geometry":{"type":"Point","coordinates":[-51.18,-29.17]},"properties":{"p":381}},{"type":"Feature","geometry":{"type":"Point","coordinates":[-53.46,-24.96]},"properties":{"p":257}},{"type":"Feature","geometry":{"type":"Point","coordinates":[-46.83,-23.52]},"properties":{"p":361}},{"type":"Feature","geometry":{"type":"Point","coordinates":[-51.18,-29.92]},"properties":{"p":328}},{"type":"Feature","geometry":{"type":"Point","coordinates":[-41.33,-21.75]},"properties":{"p":387}},{"type":"Feature","geometry":{"type":"Point","coordinates":[-54.65,-20.44]},"properties":{"p":729}},{"type":"Feature","geometry":{"type":"Point","coordinates":[-47.06,-22.91]},"properties":{"p":1032}},{"type":"Feature","geometry":{"type":"Point","coordinates":[-38.32,-12.7]},"properties":{"p":189}},{"type":"Feature","geometry":{"type":"Point","coordinates":[-41.11,-20.85]},"properties":{"p":187}},{"type":"Feature","geometry":{"type":"Point","coordinates":[-47.93,-15.78]},"properties":{"p":2208}},{"type":"Feature","geometry":{"type":"Point","coordinates":[-49.07,-26.92]},"properties":{"p":294}},{"type":"Feature","geometry":{"type":"Point","coordinates":[-44.2,-19.97]},"properties":{"p":384}},{"type":"Feature","geometry":{"type":"Point","coordinates":[-43.94,-19.92]},"properties":{"p":2373}},{"type":"Feature","geometry":{"type":"Point","coordinates":[-43.4,-22.76]},"properties":{"p":466}},{"type":"Feature","geometry":{"type":"Point","coordinates":[-49.06,-22.31]},"properties":{"p":335}},{"type":"Feature","geometry":{"type":"Point","coordinates":[-46.88,-23.51]},"properties":{"p":252}},{"type":"Feature","geometry":{"type":"Point","coordinates":[-44.99,-12.15]},"properties":{"p":158}},{"type":"Feature","geometry":{"type":"Point","coordinates":[-44.17,-22.54]},"properties":{"p":164}},{"type":"Feature","geometry":{"type":"Point","coordinates":[-48.18,-21.79]},"properties":{"p":168}},{"type":"Feature","geometry":{"type":"Point","coordinates":[-50.43,-21.21]},"properties":{"p":170}},{"type":"Feature","geometry":{"type":"Point","coordinates":[-37.07,-10.91]},"properties":{"p":490}},{"type":"Feature","geometry":{"type":"Point","coordinates":[-44.32,-23.01]},"properties":{"p":154}},{"type":"Feature","geometry":{"type":"Point","coordinates":[-48.95,-16.33]},"properties":{"p":320}},{"type":"Feature","geometry":{"type":"Point","coordinates":[-47.33,-22.74]},"properties":{"p":196}},{"type":"Feature","geometry":{"type":"Point","coordinates":[-48.33,-10.17]},"properties":{"p":196}},{"type":"Feature","geometry":{"type":"Point","coordinates":[-67.81,-9.97]},"properties":{"p":258}},{"type":"Feature","geometry":{"type":"Point","coordinates":[-63.9,-8.76]},"properties":{"p":306}},{"type":"Feature","geometry":{"type":"Point","coordinates":[-60.02,-3.1]},"properties":{"p":1598}},{"type":"Feature","geometry":{"type":"Point","coordinates":[-60.67,2.82]},"properties":{"p":235}},{"type":"Feature","geometry":{"type":"Point","coordinates":[-49.24,-16.82]},"properties":{"p":511}},{"type":"Feature","geometry":{"type":"Point","coordinates":[-35.01,-8.11]},"properties":{"p":630}},{"type":"Feature","geometry":{"type":"Point","coordinates":[-49.9,-6.07]},"properties":{"p":196}},{"type":"Feature","geometry":{"type":"Point","coordinates":[-47.65,-15.62]},"properties":{"p":189}},{"type":"Feature","geometry":{"type":"Point","coordinates":[-77.34,25.06]},"properties":{"p":228}},{"type":"Feature","geometry":{"type":"Point","coordinates":[25.91,-24.65]},"properties":{"p":208}},{"type":"Feature","geometry":{"type":"Point","coordinates":[30.2,55.19]},"properties":{"p":343}},{"type":"Feature","geometry":{"type":"Point","coordinates":[27.57,53.9]},"properties":{"p":1742}},{"type":"Feature","geometry":{"type":"Point","coordinates":[30.34,53.92]},"properties":{"p":369}},{"type":"Feature","geometry":{"type":"Point","coordinates":[23.83,53.69]},"properties":{"p":317}},{"type":"Feature","geometry":{"type":"Point","coordinates":[30.98,52.43]},"properties":{"p":481}},{"type":"Feature","geometry":{"type":"Point","coordinates":[23.69,52.1]},"properties":{"p":301}},{"type":"Feature","geometry":{"type":"Point","coordinates":[26.01,53.13]},"properties":{"p":169}},{"type":"Feature","geometry":{"type":"Point","coordinates":[29.22,53.14]},"properties":{"p":221}},{"type":"Feature","geometry":{"type":"Point","coordinates":[-122.25,49.06]},"properties":{"p":152}},{"type":"Feature","geometry":{"type":"Point","coordinates":[-79.67,44.4]},"properties":{"p":182}},{"type":"Feature","geometry":{"type":"Point","coordinates":[-79.77,43.68]},"properties":{"p":434}},{"type":"Feature","geometry":{"type":"Point","coordinates":[-79.84,43.39]},"properties":{"p":164}},{"type":"Feature","geometry":{"type":"Point","coordinates":[-122.95,49.27]},"properties":{"p":203}},{"type":"Feature","geometry":{"type":"Point","coordinates":[-114.09,51.05]},"properties":{"p":1020}},{"type":"Feature","geometry":{"type":"Point","coordinates":[-113.47,53.55]},"properties":{"p":712}},{"type":"Feature","geometry":{"type":"Point","coordinates":[-79.57,43.65]},"properties":{"p":348}},{"type":"Feature","geometry":{"type":"Point","coordinates":[-75.7,45.48]},"properties":{"p":242}},{"type":"Feature","geometry":{"type":"Point","coordinates":[-80.99,46.49]},"properties":{"p":158}},{"type":"Feature","geometry":{"type":"Point","coordinates":[-79.85,43.25]},"properties":{"p":520}},{"type":"Feature","geometry":{"type":"Point","coordinates":[-80.51,43.43]},"properties":{"p":234}},{"type":"Feature","geometry":{"type":"Point","coordinates":[-73.69,45.57]},"properties":{"p":377}},{"type":"Feature","geometry":{"type":"Point","coordinates":[-81.23,42.98]},"properties":{"p":347}},{"type":"Feature","geometry":{"type":"Point","coordinates":[-73.52,45.53]},"properties":{"p":229}},{"type":"Feature","geometry":{"type":"Point","coordinates":[-79.27,43.87]},"properties":{"p":262}},{"type":"Feature","geometry":{"type":"Point","coordinates":[-79.66,43.58]},"properties":{"p":669}},{"type":"Feature","geometry":{"type":"Point","coordinates":[-73.59,45.51]},"properties":{"p":1600}},{"type":"Feature","geometry":{"type":"Point","coordinates":[-75.72,45.34]},"properties":{"p":180}},{"type":"Feature","geometry":{"type":"Point","coordinates":[-79.42,43.77]},"properties":{"p":636}},{"type":"Feature","geometry":{"type":"Point","coordinates":[-79.68,43.45]},"properties":{"p":166}},{"type":"Feature","geometry":{"type":"Point","coordinates":[-78.85,43.9]},"properties":{"p":309}},{"type":"Feature","geometry":{"type":"Point","coordinates":[-75.7,45.41]},"properties":{"p":812}},{"type":"Feature","geometry":{"type":"Point","coordinates":[-104.62,50.45]},"properties":{"p":176}},{"type":"Feature","geometry":{"type":"Point","coordinates":[-123.14,49.17]},"properties":{"p":182}},{"type":"Feature","geometry":{"type":"Point","coordinates":[-79.44,43.87]},"properties":{"p":186}},{"type":"Feature","geometry":{"type":"Point","coordinates":[-106.67,52.13]},"properties":{"p":199}},{"type":"Feature","geometry":{"type":"Point","coordinates":[-122.83,49.11]},"properties":{"p":395}},{"type":"Feature","geometry":{"type":"Point","coordinates":[-79.42,43.7]},"properties":{"p":2600}},{"type":"Feature","geometry":{"type":"Point","coordinates":[-123.12,49.25]},"properties":{"p":600}},{"type":"Feature","geometry":{"type":"Point","coordinates":[-79.5,43.84]},"properties":{"p":239}},{"type":"Feature","geometry":{"type":"Point","coordinates":[-123.35,48.44]},"properties":{"p":290}},{"type":"Feature","geometry":{"type":"Point","coordinates":[-83.02,42.3]},"properties":{"p":278}},{"type":"Feature","geometry":{"type":"Point","coordinates":[-97.15,49.88]},"properties":{"p":632}},{"type":"Feature","geometry":{"type":"Point","coordinates":[-63.57,44.65]},"properties":{"p":359}},{"type":"Feature","geometry":{"type":"Point","coordinates":[-71.21,46.81]},"properties":{"p":529}},{"type":"Feature","geometry":{"type":"Point","coordinates":[-79.26,43.77]},"properties":{"p":600}},{"type":"Feature","geometry":{"type":"Point","coordinates":[-119.35,50.36]},"properties":{"p":298}},{"type":"Feature","geometry":{"type":"Point","coordinates":[-123.08,49.09]},"properties":{"p":200}},{"type":"Feature","geometry":{"type":"Point","coordinates":[29.14,-3.4]},"properties":{"p":170}},{"type":"Feature","geometry":{"type":"Point","coordinates":[20.8,-6.42]},"properties":{"p":267}},{"type":"Feature","geometry":{"type":"Point","coordinates":[23.45,-7.01]},"properties":{"p":189}},{"type":"Feature","geometry":{"type":"Point","coordinates":[23.59,-6.14]},"properties":{"p":875}},{"type":"Feature","geometry":{"type":"Point","coordinates":[25.19,0.52]},"properties":{"p":539}},{"type":"Feature","geometry":{"type":"Point","coordinates":[22.42,-5.9]},"properties":{"p":464}},{"type":"Feature","geometry":{"type":"Point","coordinates":[23.95,-6.75]},"properties":{"p":154}},{"type":"Feature","geometry":{"type":"Point","coordinates":[29.29,0.14]},"properties":{"p":155}},{"type":"Feature","geometry":{"type":"Point","coordinates":[28.84,-2.49]},"properties":{"p":225}},{"type":"Feature","geometry":{"type":"Point","coordinates":[29.47,0.49]},"properties":{"p":232}},{"type":"Feature","geometry":{"type":"Point","coordinates":[27.48,-11.66]},"properties":{"p":1374}},{"type":"Feature","geometry":{"type":"Point","coordinates":[26.74,-10.98]},"properties":{"p":422}},{"type":"Feature","geometry":{"type":"Point","coordinates":[25.47,-10.71]},"properties":{"p":418}},{"type":"Feature","geometry":{"type":"Point","coordinates":[18.26,0.05]},"properties":{"p":184}},{"type":"Feature","geometry":{"type":"Point","coordinates":[13.46,-5.84]},"properties":{"p":180}},{"type":"Feature","geometry":{"type":"Point","coordinates":[15.31,-4.33]},"properties":{"p":7786}},{"type":"Feature","geometry":{"type":"Point","coordinates":[18.82,-5.04]},"properties":{"p":187}},{"type":"Feature","geometry":{"type":"Point","coordinates":[13.05,-5.85]},"properties":{"p":163}},{"type":"Feature","geometry":{"type":"Point","coordinates":[15.39,-4.38]},"properties":{"p":485}},{"type":"Feature","geometry":{"type":"Point","coordinates":[18.55,4.36]},"properties":{"p":542}},{"type":"Feature","geometry":{"type":"Point","coordinates":[11.86,-4.78]},"properties":{"p":659}},{"type":"Feature","geometry":{"type":"Point","coordinates":[15.28,-4.27]},"properties":{"p":1285}},{"type":"Feature","geometry":{"type":"Point","coordinates":[8.55,47.37]},"properties":{"p":342}},{"type":"Feature","geometry":{"type":"Point","coordinates":[6.15,46.2]},"properties":{"p":184}},{"type":"Feature","geometry":{"type":"Point","coordinates":[7.57,47.56]},"properties":{"p":164}},{"type":"Feature","geometry":{"type":"Point","coordinates":[-5.28,6.82]},"properties":{"p":195}},{"type":"Feature","geometry":{"type":"Point","coordinates":[-6.64,4.75]},"properties":{"p":197}},{"type":"Feature","geometry":{"type":"Point","coordinates":[-5.63,9.46]},"properties":{"p":167}},{"type":"Feature","geometry":{"type":"Point","coordinates":[-6.45,6.88]},"properties":{"p":216}},{"type":"Feature","geometry":{"type":"Point","coordinates":[-5.03,7.69]},"properties":{"p":567}},{"type":"Feature","geometry":{"type":"Point","coordinates":[-4.02,5.42]},"properties":{"p":900}},{"type":"Feature","geometry":{"type":"Point","coordinates":[-4,5.35]},"properties":{"p":3677}},{"type":"Feature","geometry":{"type":"Point","coordinates":[-71.55,-33.02]},"properties":{"p":295}},{"type":"Feature","geometry":{"type":"Point","coordinates":[-71.63,-33.04]},"properties":{"p":282}},{"type":"Feature","geometry":{"type":"Point","coordinates":[-72.6,-38.74]},"properties":{"p":238}},{"type":"Feature","geometry":{"type":"Point","coordinates":[-73.12,-36.72]},"properties":{"p":253}},{"type":"Feature","geometry":{"type":"Point","coordinates":[-71.66,-35.43]},"properties":{"p":197}},{"type":"Feature","geometry":{"type":"Point","coordinates":[-70.65,-33.46]},"properties":{"p":4837}},{"type":"Feature","geometry":{"type":"Point","coordinates":[-70.7,-33.59]},"properties":{"p":250}},{"type":"Feature","geometry":{"type":"Point","coordinates":[-70.74,-34.17]},"properties":{"p":213}},{"type":"Feature","geometry":{"type":"Point","coordinates":[-72.94,-41.47]},"properties":{"p":160}},{"type":"Feature","geometry":{"type":"Point","coordinates":[-70.58,-33.61]},"properties":{"p":510}},{"type":"Feature","geometry":{"type":"Point","coordinates":[-71.25,-29.9]},"properties":{"p":155}},{"type":"Feature","geometry":{"type":"Point","coordinates":[-70.15,-20.21]},"properties":{"p":227}},{"type":"Feature","geometry":{"type":"Point","coordinates":[-71.34,-29.95]},"properties":{"p":161}},{"type":"Feature","geometry":{"type":"Point","coordinates":[-73.05,-36.83]},"properties":{"p":215}},{"type":"Feature","geometry":{"type":"Point","coordinates":[-72.1,-36.61]},"properties":{"p":150}},{"type":"Feature","geometry":{"type":"Point","coordinates":[-70.3,-18.47]},"properties":{"p":186}},{"type":"Feature","geometry":{"type":"Point","coordinates":[-70.4,-23.65]},"properties":{"p":310}},{"type":"Feature","geometry":{"type":"Point","coordinates":[-70.63,-33.58]},"properties":{"p":201}},{"type":"Feature","geometry":{"type":"Point","coordinates":[11.52,3.87]},"properties":{"p":1299}},{"type":"Feature","geometry":{"type":"Point","coordinates":[13.58,7.33]},"properties":{"p":231}},{"type":"Feature","geometry":{"type":"Point","coordinates":[13.8,10.74]},"properties":{"p":275}},{"type":"Feature","geometry":{"type":"Point","coordinates":[14.32,10.59]},"properties":{"p":320}},{"type":"Feature","geometry":{"type":"Point","coordinates":[9.74,4.72]},"properties":{"p":177}},{"type":"Feature","geometry":{"type":"Point","coordinates":[15.03,12.08]},"properties":{"p":436}},{"type":"Feature","geometry":{"type":"Point","coordinates":[13.4,9.3]},"properties":{"p":437}},{"type":"Feature","geometry":{"type":"Point","coordinates":[10.13,3.8]},"properties":{"p":203}},{"type":"Feature","geometry":{"type":"Point","coordinates":[9.7,4.05]},"properties":{"p":1338}},{"type":"Feature","geometry":{"type":"Point","coordinates":[13.68,4.58]},"properties":{"p":218}},{"type":"Feature","geometry":{"type":"Point","coordinates":[10.15,5.96]},"properties":{"p":394}},{"type":"Feature","geometry":{"type":"Point","coordinates":[10.42,5.48]},"properties":{"p":291}},{"type":"Feature","geometry":{"type":"Point","coordinates":[75.99,39.47]},"properties":{"p":275}},{"type":"Feature","geometry":{"type":"Point","coordinates":[83.25,43.43]},"properties":{"p":300}},{"type":"Feature","geometry":{"type":"Point","coordinates":[87.6,43.8]},"properties":{"p":3029}},{"type":"Feature","geometry":{"type":"Point","coordinates":[89.18,42.95]},"properties":{"p":255}},{"type":"Feature","geometry":{"type":"Point","coordinates":[86.04,44.3]},"properties":{"p":573}},{"type":"Feature","geometry":{"type":"Point","coordinates":[81.09,43.8]},"properties":{"p":160}},{"type":"Feature","geometry":{"type":"Point","coordinates":[86.15,41.76]},"properties":{"p":179}},{"type":"Feature","geometry":{"type":"Point","coordinates":[84.89,45.58]},"properties":{"p":260}},{"type":"Feature","geometry":{"type":"Point","coordinates":[87.3,44.01]},"properties":{"p":199}},{"type":"Feature","geometry":{"type":"Point","coordinates":[81.27,40.54]},"properties":{"p":260}},{"type":"Feature","geometry":{"type":"Point","coordinates":[80.28,41.18]},"properties":{"p":340}},{"type":"Feature","geometry":{"type":"Point","coordinates":[106.91,27.69]},"properties":{"p":466}},{"type":"Feature","geometry":{"type":"Point","coordinates":[116.97,35.4]},"properties":{"p":191}},{"type":"Feature","geometry":{"type":"Point","coordinates":[104.78,29.34]},"properties":{"p":690}},{"type":"Feature","geometry":{"type":"Point","coordinates":[113.15,27.83]},"properties":{"p":709}},{"type":"Feature","geometry":{"type":"Point","coordinates":[114.03,32.98]},"properties":{"p":720}},{"type":"Feature","geometry":{"type":"Point","coordinates":[115.65,34.45]},"properties":{"p":181}},{"type":"Feature","geometry":{"type":"Point","coordinates":[114.63,33.63]},"properties":{"p":377}},{"type":"Feature","geometry":{"type":"Point","coordinates":[111.5,30.3]},"properties":{"p":159}},{"type":"Feature","geometry":{"type":"Point","coordinates":[119.17,32.28]},"properties":{"p":176}},{"type":"Feature","geometry":{"type":"Point","coordinates":[119.46,32.21]},"properties":{"p":633}},{"type":"Feature","geometry":{"type":"Point","coordinates":[113.65,34.76]},"properties":{"p":4254}},{"type":"Feature","geometry":{"type":"Point","coordinates":[112.46,23.05]},"properties":{"p":362}},{"type":"Feature","geometry":{"type":"Point","coordinates":[110.34,21.28]},"properties":{"p":638}},{"type":"Feature","geometry":{"type":"Point","coordinates":[117.66,24.51]},"properties":{"p":590}},{"type":"Feature","geometry":{"type":"Point","coordinates":[118.06,36.79]},"properties":{"p":3129}},{"type":"Feature","geometry":{"type":"Point","coordinates":[114.38,36.1]},"properties":{"p":781}},{"type":"Feature","geometry":{"type":"Point","coordinates":[121.46,31.26]},"properties":{"p":840}},{"type":"Feature","geometry":{"type":"Point","coordinates":[117.55,34.86]},"properties":{"p":184}},{"type":"Feature","geometry":{"type":"Point","coordinates":[112.75,32.13]},"properties":{"p":185}},{"type":"Feature","geometry":{"type":"Point","coordinates":[120.95,31.38]},"properties":{"p":1600}},{"type":"Feature","geometry":{"type":"Point","coordinates":[112.04,22.93]},"properties":{"p":2613}},{"type":"Feature","geometry":{"type":"Point","coordinates":[110.99,35.02]},"properties":{"p":202}},{"type":"Feature","geometry":{"type":"Point","coordinates":[112.73,37.68]},"properties":{"p":236}},{"type":"Feature","geometry":{"type":"Point","coordinates":[112.89,30.42]},"properties":{"p":179}},{"type":"Feature","geometry":{"type":"Point","coordinates":[113.55,30.94]},"properties":{"p":266}},{"type":"Feature","geometry":{"type":"Point","coordinates":[106.27,38.47]},"properties":{"p":475}},{"type":"Feature","geometry":{"type":"Point","coordinates":[114.4,27.83]},"properties":{"p":152}},{"type":"Feature","geometry":{"type":"Point","coordinates":[111.28,30.71]},"properties":{"p":477}},{"type":"Feature","geometry":{"type":"Point","coordinates":[104.64,28.76]},"properties":{"p":242}},{"type":"Feature","geometry":{"type":"Point","coordinates":[121.44,37.48]},"properties":{"p":719}},{"type":"Feature","geometry":{"type":"Point","coordinates":[119.44,32.4]},"properties":{"p":540}},{"type":"Feature","geometry":{"type":"Point","coordinates":[110.49,24.78]},"properties":{"p":300}},{"type":"Feature","geometry":{"type":"Point","coordinates":[113.56,37.86]},"properties":{"p":413}},{"type":"Feature","geometry":{"type":"Point","coordinates":[120.16,33.36]},"properties":{"p":628}},{"type":"Feature","geometry":{"type":"Point","coordinates":[117.16,34.18]},"properties":{"p":1199}},{"type":"Feature","geometry":{"type":"Point","coordinates":[117.94,28.45]},"properties":{"p":319}},{"type":"Feature","geometry":{"type":"Point","coordinates":[113.86,34.03]},"properties":{"p":1266}},{"type":"Feature","geometry":{"type":"Point","coordinates":[110.29,20]},"properties":{"p":290}},{"type":"Feature","geometry":{"type":"Point","coordinates":[112.73,38.41]},"properties":{"p":154}},{"type":"Feature","geometry":{"type":"Point","coordinates":[114.07,32.12]},"properties":{"p":1591}},{"type":"Feature","geometry":{"type":"Point","coordinates":[113.8,35.19]},"properties":{"p":744}},{"type":"Feature","geometry":{"type":"Point","coordinates":[117.75,35.9]},"properties":{"p":222}},{"type":"Feature","geometry":{"type":"Point","coordinates":[119.16,34.6]},"properties":{"p":392}},{"type":"Feature","geometry":{"type":"Point","coordinates":[101.76,36.63]},"properties":{"p":768}},{"type":"Feature","geometry":{"type":"Point","coordinates":[114.49,37.06]},"properties":{"p":612}},{"type":"Feature","geometry":{"type":"Point","coordinates":[113.47,29.82]},"properties":{"p":176}},{"type":"Feature","geometry":{"type":"Point","coordinates":[112.89,23.15]},"properties":{"p":154}},{"type":"Feature","geometry":{"type":"Point","coordinates":[113.92,30.93]},"properties":{"p":160}},{"type":"Feature","geometry":{"type":"Point","coordinates":[108.7,34.34]},"properties":{"p":1034}},{"type":"Feature","geometry":{"type":"Point","coordinates":[113.44,30.37]},"properties":{"p":239}},{"type":"Feature","geometry":{"type":"Point","coordinates":[114.32,29.84]},"properties":{"p":179}},{"type":"Feature","geometry":{"type":"Point","coordinates":[113.57,22.28]},"properties":{"p":501}},{"type":"Feature","geometry":{"type":"Point","coordinates":[112.9,27.85]},"properties":{"p":674}},{"type":"Feature","geometry":{"type":"Point","coordinates":[112.14,32.04]},"properties":{"p":463}},{"type":"Feature","geometry":{"type":"Point","coordinates":[108.93,34.26]},"properties":{"p":6501}},{"type":"Feature","geometry":{"type":"Point","coordinates":[118.08,24.48]},"properties":{"p":3531}},{"type":"Feature","geometry":{"type":"Point","coordinates":[111.32,23.48]},"properties":{"p":266}},{"type":"Feature","geometry":{"type":"Point","coordinates":[115.55,29.85]},"properties":{"p":221}},{"type":"Feature","geometry":{"type":"Point","coordinates":[120.29,31.57]},"properties":{"p":3544}},{"type":"Feature","geometry":{"type":"Point","coordinates":[111.7,29.03]},"properties":{"p":518}},{"type":"Feature","geometry":{"type":"Point","coordinates":[118.37,31.34]},"properties":{"p":508}},{"type":"Feature","geometry":{"type":"Point","coordinates":[114.27,30.58]},"properties":{"p":9785}},{"type":"Feature","geometry":{"type":"Point","coordinates":[106.82,39.68]},"properties":{"p":218}},{"type":"Feature","geometry":{"type":"Point","coordinates":[120.67,28]},"properties":{"p":866}},{"type":"Feature","geometry":{"type":"Point","coordinates":[109.51,34.5]},"properties":{"p":172}},{"type":"Feature","geometry":{"type":"Point","coordinates":[122.11,37.51]},"properties":{"p":153}},{"type":"Feature","geometry":{"type":"Point","coordinates":[119.1,36.71]},"properties":{"p":395}},{"type":"Feature","geometry":{"type":"Point","coordinates":[108.37,30.82]},"properties":{"p":189}},{"type":"Feature","geometry":{"type":"Point","coordinates":[122.01,39.62]},"properties":{"p":251}},{"type":"Feature","geometry":{"type":"Point","coordinates":[116.66,39.9]},"properties":{"p":163}},{"type":"Feature","geometry":{"type":"Point","coordinates":[117.78,30.95]},"properties":{"p":313}},{"type":"Feature","geometry":{"type":"Point","coordinates":[105.74,34.58]},"properties":{"p":3500}},{"type":"Feature","geometry":{"type":"Point","coordinates":[117.18,39.14]},"properties":{"p":11090}},{"type":"Feature","geometry":{"type":"Point","coordinates":[118.18,39.63]},"properties":{"p":3372}},{"type":"Feature","geometry":{"type":"Point","coordinates":[117.65,39.02]},"properties":{"p":535}},{"type":"Feature","geometry":{"type":"Point","coordinates":[119.91,32.49]},"properties":{"p":612}},{"type":"Feature","geometry":{"type":"Point","coordinates":[112.56,37.87]},"properties":{"p":3427}},{"type":"Feature","geometry":{"type":"Point","coordinates":[117.12,36.19]},"properties":{"p":5499}},{"type":"Feature","geometry":{"type":"Point","coordinates":[116.98,33.64]},"properties":{"p":205}},{"type":"Feature","geometry":{"type":"Point","coordinates":[113.36,31.71]},"properties":{"p":324}},{"type":"Feature","geometry":{"type":"Point","coordinates":[110.78,32.65]},"properties":{"p":3460}},{"type":"Feature","geometry":{"type":"Point","coordinates":[113.39,22.52]},"properties":{"p":342}},{"type":"Feature","geometry":{"type":"Point","coordinates":[109.08,35.07]},"properties":{"p":224}},{"type":"Feature","geometry":{"type":"Point","coordinates":[114.48,38.04]},"properties":{"p":2835}},{"type":"Feature","geometry":{"type":"Point","coordinates":[114.07,22.55]},"properties":{"p":10358}},{"type":"Feature","geometry":{"type":"Point","coordinates":[112.24,30.31]},"properties":{"p":499}},{"type":"Feature","geometry":{"type":"Point","coordinates":[120.58,30]},"properties":{"p":421}},{"type":"Feature","geometry":{"type":"Point","coordinates":[113.58,24.8]},"properties":{"p":629}},{"type":"Feature","geometry":{"type":"Point","coordinates":[115.35,22.78]},"properties":{"p":166}},{"type":"Feature","geometry":{"type":"Point","coordinates":[116.71,23.37]},"properties":{"p":5329}},{"type":"Feature","geometry":{"type":"Point","coordinates":[121.46,31.22]},"properties":{"p":22315}},{"type":"Feature","geometry":{"type":"Point","coordinates":[117.62,26.25]},"properties":{"p":209}},{"type":"Feature","geometry":{"type":"Point","coordinates":[116.37,23.54]},"properties":{"p":1002}},{"type":"Feature","geometry":{"type":"Point","coordinates":[119.46,35.43]},"properties":{"p":246}},{"type":"Feature","geometry":{"type":"Point","coordinates":[118.59,24.91]},"properties":{"p":184}},{"type":"Feature","geometry":{"type":"Point","coordinates":[119.59,39.93]},"properties":{"p":760}},{"type":"Feature","geometry":{"type":"Point","coordinates":[119.02,33.59]},"properties":{"p":555}},{"type":"Feature","geometry":{"type":"Point","coordinates":[120.38,36.06]},"properties":{"p":3719}},{"type":"Feature","geometry":{"type":"Point","coordinates":[113.03,23.7]},"properties":{"p":151}},{"type":"Feature","geometry":{"type":"Point","coordinates":[115.01,35.71]},"properties":{"p":666}},{"type":"Feature","geometry":{"type":"Point","coordinates":[119.89,29.46]},"properties":{"p":3590}},{"type":"Feature","geometry":{"type":"Point","coordinates":[119.01,25.44]},"properties":{"p":377}},{"type":"Feature","geometry":{"type":"Point","coordinates":[113.85,27.62]},"properties":{"p":372}},{"type":"Feature","geometry":{"type":"Point","coordinates":[113.3,33.74]},"properties":{"p":890}},{"type":"Feature","geometry":{"type":"Point","coordinates":[101.71,26.55]},"properties":{"p":462}},{"type":"Feature","geometry":{"type":"Point","coordinates":[121.55,29.88]},"properties":{"p":3492}},{"type":"Feature","geometry":{"type":"Point","coordinates":[105.06,29.58]},"properties":{"p":547}},{"type":"Feature","geometry":{"type":"Point","coordinates":[112.53,32.99]},"properties":{"p":252}},{"type":"Feature","geometry":{"type":"Point","coordinates":[120.87,32.03]},"properties":{"p":666}},{"type":"Feature","geometry":{"type":"Point","coordinates":[118.17,26.65]},"properties":{"p":172}},{"type":"Feature","geometry":{"type":"Point","coordinates":[108.32,22.82]},"properties":{"p":804}},{"type":"Feature","geometry":{"type":"Point","coordinates":[118.78,32.06]},"properties":{"p":7165}},{"type":"Feature","geometry":{"type":"Point","coordinates":[106.08,30.8]},"properties":{"p":7150}},{"type":"Feature","geometry":{"type":"Point","coordinates":[115.85,28.68]},"properties":{"p":2358}},{"type":"Feature","geometry":{"type":"Point","coordinates":[104.68,31.47]},"properties":{"p":264}},{"type":"Feature","geometry":{"type":"Point","coordinates":[116.09,39.94]},"properties":{"p":198}},{"type":"Feature","geometry":{"type":"Point","coordinates":[121.37,28.58]},"properties":{"p":428}},{"type":"Feature","geometry":{"type":"Point","coordinates":[112.45,34.68]},"properties":{"p":1391}},{"type":"Feature","geometry":{"type":"Point","coordinates":[114.04,33.56]},"properties":{"p":417}},{"type":"Feature","geometry":{"type":"Point","coordinates":[114.65,37.88]},"properties":{"p":597}},{"type":"Feature","geometry":{"type":"Point","coordinates":[111.99,27.73]},"properties":{"p":151}},{"type":"Feature","geometry":{"type":"Point","coordinates":[113.63,28.16]},"properties":{"p":1380}},{"type":"Feature","geometry":{"type":"Point","coordinates":[118.34,35.06]},"properties":{"p":271}},{"type":"Feature","geometry":{"type":"Point","coordinates":[103.21,35.6]},"properties":{"p":202}},{"type":"Feature","geometry":{"type":"Point","coordinates":[121.14,28.86]},"properties":{"p":153}},{"type":"Feature","geometry":{"type":"Point","coordinates":[111.52,36.09]},"properties":{"p":233}},{"type":"Feature","geometry":{"type":"Point","coordinates":[113.82,23.3]},"properties":{"p":173}},{"type":"Feature","geometry":{"type":"Point","coordinates":[115.98,36.46]},"properties":{"p":227}},{"type":"Feature","geometry":{"type":"Point","coordinates":[102.63,37.93]},"properties":{"p":493}},{"type":"Feature","geometry":{"type":"Point","coordinates":[103.76,29.56]},"properties":{"p":154}},{"type":"Feature","geometry":{"type":"Point","coordinates":[111.67,32.39]},"properties":{"p":253}},{"type":"Feature","geometry":{"type":"Point","coordinates":[103.84,36.06]},"properties":{"p":2628}},{"type":"Feature","geometry":{"type":"Point","coordinates":[116.69,39.51]},"properties":{"p":720}},{"type":"Feature","geometry":{"type":"Point","coordinates":[119.94,37.18]},"properties":{"p":188}},{"type":"Feature","geometry":{"type":"Point","coordinates":[120.71,36.98]},"properties":{"p":170}},{"type":"Feature","geometry":{"type":"Point","coordinates":[102.72,25.04]},"properties":{"p":3855}},{"type":"Feature","geometry":{"type":"Point","coordinates":[103.3,23.7]},"properties":{"p":198}},{"type":"Feature","geometry":{"type":"Point","coordinates":[114.31,34.8]},"properties":{"p":900}},{"type":"Feature","geometry":{"type":"Point","coordinates":[116,29.7]},"properties":{"p":259}},{"type":"Feature","geometry":{"type":"Point","coordinates":[121.72,39.1]},"properties":{"p":215}},{"type":"Feature","geometry":{"type":"Point","coordinates":[116.58,35.41]},"properties":{"p":450}},{"type":"Feature","geometry":{"type":"Point","coordinates":[112.19,30.35]},"properties":{"p":178}},{"type":"Feature","geometry":{"type":"Point","coordinates":[112.2,31.03]},"properties":{"p":168}},{"type":"Feature","geometry":{"type":"Point","coordinates":[113.1,30.65]},"properties":{"p":225}},{"type":"Feature","geometry":{"type":"Point","coordinates":[117.21,29.29]},"properties":{"p":311}},{"type":"Feature","geometry":{"type":"Point","coordinates":[112.83,35.5]},"properties":{"p":333}},{"type":"Feature","geometry":{"type":"Point","coordinates":[117,36.67]},"properties":{"p":4336}},{"type":"Feature","geometry":{"type":"Point","coordinates":[120.75,30.75]},"properties":{"p":466}},{"type":"Feature","geometry":{"type":"Point","coordinates":[113.23,35.24]},"properties":{"p":518}},{"type":"Feature","geometry":{"type":"Point","coordinates":[120,36.28]},"properties":{"p":165}},{"type":"Feature","geometry":{"type":"Point","coordinates":[113.08,22.58]},"properties":{"p":532}},{"type":"Feature","geometry":{"type":"Point","coordinates":[111.96,21.86]},"properties":{"p":400}},{"type":"Feature","geometry":{"type":"Point","coordinates":[114.98,27.12]},"properties":{"p":245}},{"type":"Feature","geometry":{"type":"Point","coordinates":[105.82,32.44]},"properties":{"p":213}},{"type":"Feature","geometry":{"type":"Point","coordinates":[110.46,19.24]},"properties":{"p":480}},{"type":"Feature","geometry":{"type":"Point","coordinates":[120.09,30.87]},"properties":{"p":158}},{"type":"Feature","geometry":{"type":"Point","coordinates":[113.67,22.82]},"properties":{"p":192}},{"type":"Feature","geometry":{"type":"Point","coordinates":[114.42,23.11]},"properties":{"p":289}},{"type":"Feature","geometry":{"type":"Point","coordinates":[113.05,22.46]},"properties":{"p":195}},{"type":"Feature","geometry":{"type":"Point","coordinates":[110.07,34.57]},"properties":{"p":242}},{"type":"Feature","geometry":{"type":"Point","coordinates":[121.27,28.65]},"properties":{"p":150}},{"type":"Feature","geometry":{"type":"Point","coordinates":[115.05,30.25]},"properties":{"p":688}},{"type":"Feature","geometry":{"type":"Point","coordinates":[117,23.68]},"properties":{"p":226}},{"type":"Feature","geometry":{"type":"Point","coordinates":[117,32.63]},"properties":{"p":1028}},{"type":"Feature","geometry":{"type":"Point","coordinates":[116.79,33.97]},"properties":{"p":903}},{"type":"Feature","geometry":{"type":"Point","coordinates":[115.47,35.24]},"properties":{"p":255}},{"type":"Feature","geometry":{"type":"Point","coordinates":[112.33,28.59]},"properties":{"p":203}},{"type":"Feature","geometry":{"type":"Point","coordinates":[112.62,26.89]},"properties":{"p":760}},{"type":"Feature","geometry":{"type":"Point","coordinates":[115.7,37.73]},"properties":{"p":456}},{"type":"Feature","geometry":{"type":"Point","coordinates":[117.28,31.86]},"properties":{"p":3310}},{"type":"Feature","geometry":{"type":"Point","coordinates":[114.19,35.9]},"properties":{"p":245}},{"type":"Feature","geometry":{"type":"Point","coordinates":[120.16,30.29]},"properties":{"p":6242}},{"type":"Feature","geometry":{"type":"Point","coordinates":[117.79,39.25]},"properties":{"p":208}},{"type":"Feature","geometry":{"type":"Point","coordinates":[114.47,36.6]},"properties":{"p":1358}},{"type":"Feature","geometry":{"type":"Point","coordinates":[121.47,28.7]},"properties":{"p":471}},{"type":"Feature","geometry":{"type":"Point","coordinates":[110.34,20.05]},"properties":{"p":616}},{"type":"Feature","geometry":{"type":"Point","coordinates":[120.03,28.88]},"properties":{"p":536}},{"type":"Feature","geometry":{"type":"Point","coordinates":[106.72,26.58]},"properties":{"p":1172}},{"type":"Feature","geometry":{"type":"Point","coordinates":[110.29,25.28]},"properties":{"p":649}},{"type":"Feature","geometry":{"type":"Point","coordinates":[113.25,23.12]},"properties":{"p":11071}},{"type":"Feature","geometry":{"type":"Point","coordinates":[114,31.62]},"properties":{"p":155}},{"type":"Feature","geometry":{"type":"Point","coordinates":[110.85,21.94]},"properties":{"p":166}},{"type":"Feature","geometry":{"type":"Point","coordinates":[106.1,30.78]},"properties":{"p":204}},{"type":"Feature","geometry":{"type":"Point","coordinates":[119.75,36.38]},"properties":{"p":151}},{"type":"Feature","geometry":{"type":"Point","coordinates":[119.31,26.06]},"properties":{"p":1180}},{"type":"Feature","geometry":{"type":"Point","coordinates":[115.82,32.9]},"properties":{"p":170}},{"type":"Feature","geometry":{"type":"Point","coordinates":[107.4,29.71]},"properties":{"p":167}},{"type":"Feature","geometry":{"type":"Point","coordinates":[113.13,23.03]},"properties":{"p":3600}},{"type":"Feature","geometry":{"type":"Point","coordinates":[114.83,30.4]},"properties":{"p":194}},{"type":"Feature","geometry":{"type":"Point","coordinates":[118.49,37.46]},"properties":{"p":306}},{"type":"Feature","geometry":{"type":"Point","coordinates":[115.64,22.95]},"properties":{"p":189}},{"type":"Feature","geometry":{"type":"Point","coordinates":[113.75,23.02]},"properties":{"p":8000}},{"type":"Feature","geometry":{"type":"Point","coordinates":[115,38.51]},"properties":{"p":153}},{"type":"Feature","geometry":{"type":"Point","coordinates":[116.31,37.45]},"properties":{"p":380}},{"type":"Feature","geometry":{"type":"Point","coordinates":[104.38,31.13]},"properties":{"p":152}},{"type":"Feature","geometry":{"type":"Point","coordinates":[100.22,26.87]},"properties":{"p":1138}},{"type":"Feature","geometry":{"type":"Point","coordinates":[113.25,22.84]},"properties":{"p":210}},{"type":"Feature","geometry":{"type":"Point","coordinates":[121.6,38.91]},"properties":{"p":4088}},{"type":"Feature","geometry":{"type":"Point","coordinates":[118.3,32.32]},"properties":{"p":281}},{"type":"Feature","geometry":{"type":"Point","coordinates":[111.78,22.17]},"properties":{"p":154}},{"type":"Feature","geometry":{"type":"Point","coordinates":[106.55,29.56]},"properties":{"p":7458}},{"type":"Feature","geometry":{"type":"Point","coordinates":[113.03,25.8]},"properties":{"p":179}},{"type":"Feature","geometry":{"type":"Point","coordinates":[104.07,30.67]},"properties":{"p":7416}},{"type":"Feature","geometry":{"type":"Point","coordinates":[116.77,23.46]},"properties":{"p":152}},{"type":"Feature","geometry":{"type":"Point","coordinates":[116.62,23.65]},"properties":{"p":425}},{"type":"Feature","geometry":{"type":"Point","coordinates":[119.95,31.77]},"properties":{"p":949}},{"type":"Feature","geometry":{"type":"Point","coordinates":[111.74,35.21]},"properties":{"p":700}},{"type":"Feature","geometry":{"type":"Point","coordinates":[112.97,28.2]},"properties":{"p":3094}},{"type":"Feature","geometry":{"type":"Point","coordinates":[116.87,38.32]},"properties":{"p":528}},{"type":"Feature","geometry":{"type":"Point","coordinates":[115.77,33.88]},"properties":{"p":174}},{"type":"Feature","geometry":{"type":"Point","coordinates":[117.83,36.48]},"properties":{"p":154}},{"type":"Feature","geometry":{"type":"Point","coordinates":[117.36,32.94]},"properties":{"p":577}},{"type":"Feature","geometry":{"type":"Point","coordinates":[116.4,39.91]},"properties":{"p":11717}},{"type":"Feature","geometry":{"type":"Point","coordinates":[109.1,21.48]},"properties":{"p":290}},{"type":"Feature","geometry":{"type":"Point","coordinates":[115.49,38.85]},"properties":{"p":996}},{"type":"Feature","geometry":{"type":"Point","coordinates":[104.17,36.55]},"properties":{"p":189}},{"type":"Feature","geometry":{"type":"Point","coordinates":[120.87,30.02]},"properties":{"p":770}},{"type":"Feature","geometry":{"type":"Point","coordinates":[105.93,26.25]},"properties":{"p":352}},{"type":"Feature","geometry":{"type":"Point","coordinates":[117.05,30.51]},"properties":{"p":359}},{"type":"Feature","geometry":{"type":"Point","coordinates":[116.68,23.45]},"properties":{"p":163}},{"type":"Feature","geometry":{"type":"Point","coordinates":[120.6,31.3]},"properties":{"p":5346}},{"type":"Feature","geometry":{"type":"Point","coordinates":[110.57,21.32]},"properties":{"p":3121}},{"type":"Feature","geometry":{"type":"Point","coordinates":[109.51,18.22]},"properties":{"p":2000}},{"type":"Feature","geometry":{"type":"Point","coordinates":[120.9,29.99]},"properties":{"p":155}},{"type":"Feature","geometry":{"type":"Point","coordinates":[113.09,29.37]},"properties":{"p":1200}},{"type":"Feature","geometry":{"type":"Point","coordinates":[125.98,46.07]},"properties":{"p":154}},{"type":"Feature","geometry":{"type":"Point","coordinates":[114.88,40.81]},"properties":{"p":693}},{"type":"Feature","geometry":{"type":"Point","coordinates":[122.23,40.66]},"properties":{"p":591}},{"type":"Feature","geometry":{"type":"Point","coordinates":[128.88,47.72]},"properties":{"p":156}},{"type":"Feature","geometry":{"type":"Point","coordinates":[129.51,42.91]},"properties":{"p":327}},{"type":"Feature","geometry":{"type":"Point","coordinates":[115.04,40.61]},"properties":{"p":373}},{"type":"Feature","geometry":{"type":"Point","coordinates":[122.08,46.08]},"properties":{"p":166}},{"type":"Feature","geometry":{"type":"Point","coordinates":[122.27,43.61]},"properties":{"p":261}},{"type":"Feature","geometry":{"type":"Point","coordinates":[125.93,41.72]},"properties":{"p":510}},{"type":"Feature","geometry":{"type":"Point","coordinates":[123.84,42.29]},"properties":{"p":334}},{"type":"Feature","geometry":{"type":"Point","coordinates":[127,46.64]},"properties":{"p":252}},{"type":"Feature","geometry":{"type":"Point","coordinates":[124.38,43.16]},"properties":{"p":556}},{"type":"Feature","geometry":{"type":"Point","coordinates":[131.15,46.64]},"properties":{"p":600}},{"type":"Feature","geometry":{"type":"Point","coordinates":[123.43,41.79]},"properties":{"p":6256}},{"type":"Feature","geometry":{"type":"Point","coordinates":[124.86,46.64]},"properties":{"p":226}},{"type":"Feature","geometry":{"type":"Point","coordinates":[130.85,45.76]},"properties":{"p":345}},{"type":"Feature","geometry":{"type":"Point","coordinates":[123.96,47.34]},"properties":{"p":882}},{"type":"Feature","geometry":{"type":"Point","coordinates":[122.05,41.19]},"properties":{"p":625}},{"type":"Feature","geometry":{"type":"Point","coordinates":[120.75,41.1]},"properties":{"p":157}},{"type":"Feature","geometry":{"type":"Point","coordinates":[129.6,44.58]},"properties":{"p":666}},{"type":"Feature","geometry":{"type":"Point","coordinates":[125.1,46.53]},"properties":{"p":152}},{"type":"Feature","geometry":{"type":"Point","coordinates":[125.14,42.9]},"properties":{"p":465}},{"type":"Feature","geometry":{"type":"Point","coordinates":[123.17,41.27]},"properties":{"p":688}},{"type":"Feature","geometry":{"type":"Point","coordinates":[130.96,45.3]},"properties":{"p":404}},{"type":"Feature","geometry":{"type":"Point","coordinates":[125.83,44.15]},"properties":{"p":175}},{"type":"Feature","geometry":{"type":"Point","coordinates":[121.14,41.11]},"properties":{"p":604}},{"type":"Feature","geometry":{"type":"Point","coordinates":[120.85,40.76]},"properties":{"p":313}},{"type":"Feature","geometry":{"type":"Point","coordinates":[113.11,41.03]},"properties":{"p":259}},{"type":"Feature","geometry":{"type":"Point","coordinates":[126.56,43.85]},"properties":{"p":1882}},{"type":"Feature","geometry":{"type":"Point","coordinates":[130.32,46.8]},"properties":{"p":550}},{"type":"Feature","geometry":{"type":"Point","coordinates":[123.63,47.2]},"properties":{"p":265}},{"type":"Feature","geometry":{"type":"Point","coordinates":[111.65,40.81]},"properties":{"p":774}},{"type":"Feature","geometry":{"type":"Point","coordinates":[130.9,45.21]},"properties":{"p":165}},{"type":"Feature","geometry":{"type":"Point","coordinates":[130.3,47.35]},"properties":{"p":743}},{"type":"Feature","geometry":{"type":"Point","coordinates":[126.65,45.75]},"properties":{"p":5879}},{"type":"Feature","geometry":{"type":"Point","coordinates":[119.7,49.2]},"properties":{"p":211}},{"type":"Feature","geometry":{"type":"Point","coordinates":[122.75,40.85]},"properties":{"p":192}},{"type":"Feature","geometry":{"type":"Point","coordinates":[121.66,42.02]},"properties":{"p":689}},{"type":"Feature","geometry":{"type":"Point","coordinates":[123.94,41.89]},"properties":{"p":1401}},{"type":"Feature","geometry":{"type":"Point","coordinates":[123.58,41.81]},"properties":{"p":171}},{"type":"Feature","geometry":{"type":"Point","coordinates":[113.29,40.09]},"properties":{"p":1053}},{"type":"Feature","geometry":{"type":"Point","coordinates":[125,46.58]},"properties":{"p":203}},{"type":"Feature","geometry":{"type":"Point","coordinates":[124.39,40.13]},"properties":{"p":632}},{"type":"Feature","geometry":{"type":"Point","coordinates":[118.96,42.27]},"properties":{"p":347}},{"type":"Feature","geometry":{"type":"Point","coordinates":[117.96,40.95]},"properties":{"p":449}},{"type":"Feature","geometry":{"type":"Point","coordinates":[120.46,41.57]},"properties":{"p":410}},{"type":"Feature","geometry":{"type":"Point","coordinates":[125.32,43.88]},"properties":{"p":4193}},{"type":"Feature","geometry":{"type":"Point","coordinates":[123.77,41.29]},"properties":{"p":988}},{"type":"Feature","geometry":{"type":"Point","coordinates":[120.78,41.79]},"properties":{"p":155}},{"type":"Feature","geometry":{"type":"Point","coordinates":[126.6,48.27]},"properties":{"p":436}},{"type":"Feature","geometry":{"type":"Point","coordinates":[110.02,40.58]},"properties":{"p":1302}},{"type":"Feature","geometry":{"type":"Point","coordinates":[122.82,45.61]},"properties":{"p":317}},{"type":"Feature","geometry":{"type":"Point","coordinates":[126.42,41.94]},"properties":{"p":184}},{"type":"Feature","geometry":{"type":"Point","coordinates":[122.99,41.12]},"properties":{"p":1199}},{"type":"Feature","geometry":{"type":"Point","coordinates":[125.31,46.4]},"properties":{"p":181}},{"type":"Feature","geometry":{"type":"Point","coordinates":[120.74,31.65]},"properties":{"p":1048}},{"type":"Feature","geometry":{"type":"Point","coordinates":[109.6,27.94]},"properties":{"p":370}},{"type":"Feature","geometry":{"type":"Point","coordinates":[119.4,36]},"properties":{"p":1000}},{"type":"Feature","geometry":{"type":"Point","coordinates":[109.78,39.61]},"properties":{"p":1941}},{"type":"Feature","geometry":{"type":"Point","coordinates":[104.25,23.36]},"properties":{"p":450}},{"type":"Feature","geometry":{"type":"Point","coordinates":[104.83,26.59]},"properties":{"p":252}},{"type":"Feature","geometry":{"type":"Point","coordinates":[101.22,24.28]},"properties":{"p":490}},{"type":"Feature","geometry":{"type":"Point","coordinates":[80.87,44.05]},"properties":{"p":360}},{"type":"Feature","geometry":{"type":"Point","coordinates":[107.39,40.74]},"properties":{"p":1760}},{"type":"Feature","geometry":{"type":"Point","coordinates":[-73.63,4.14]},"properties":{"p":322}},{"type":"Feature","geometry":{"type":"Point","coordinates":[-73.25,10.46]},"properties":{"p":308}},{"type":"Feature","geometry":{"type":"Point","coordinates":[-76.2,4.08]},"properties":{"p":166}},{"type":"Feature","geometry":{"type":"Point","coordinates":[-74.76,10.92]},"properties":{"p":343}},{"type":"Feature","geometry":{"type":"Point","coordinates":[-74.22,4.58]},"properties":{"p":314}},{"type":"Feature","geometry":{"type":"Point","coordinates":[-75.4,9.3]},"properties":{"p":261}},{"type":"Feature","geometry":{"type":"Point","coordinates":[-74.2,11.24]},"properties":{"p":432}},{"type":"Feature","geometry":{"type":"Point","coordinates":[-76.61,2.44]},"properties":{"p":259}},{"type":"Feature","geometry":{"type":"Point","coordinates":[-75.7,4.81]},"properties":{"p":440}},{"type":"Feature","geometry":{"type":"Point","coordinates":[-77.28,1.21]},"properties":{"p":382}},{"type":"Feature","geometry":{"type":"Point","coordinates":[-76.3,3.54]},"properties":{"p":248}},{"type":"Feature","geometry":{"type":"Point","coordinates":[-75.28,2.93]},"properties":{"p":353}},{"type":"Feature","geometry":{"type":"Point","coordinates":[-75.88,8.75]},"properties":{"p":272}},{"type":"Feature","geometry":{"type":"Point","coordinates":[-75.56,6.25]},"properties":{"p":2000}},{"type":"Feature","geometry":{"type":"Point","coordinates":[-75.52,5.07]},"properties":{"p":358}},{"type":"Feature","geometry":{"type":"Point","coordinates":[-75.6,6.18]},"properties":{"p":282}},{"type":"Feature","geometry":{"type":"Point","coordinates":[-75.23,4.44]},"properties":{"p":422}},{"type":"Feature","geometry":{"type":"Point","coordinates":[-73.09,7.06]},"properties":{"p":252}},{"type":"Feature","geometry":{"type":"Point","coordinates":[-75.59,6.18]},"properties":{"p":163}},{"type":"Feature","geometry":{"type":"Point","coordinates":[-75.67,4.84]},"properties":{"p":180}},{"type":"Feature","geometry":{"type":"Point","coordinates":[-72.51,7.89]},"properties":{"p":721}},{"type":"Feature","geometry":{"type":"Point","coordinates":[-75.51,10.4]},"properties":{"p":952}},{"type":"Feature","geometry":{"type":"Point","coordinates":[-76.52,3.44]},"properties":{"p":2393}},{"type":"Feature","geometry":{"type":"Point","coordinates":[-77.03,3.88]},"properties":{"p":240}},{"type":"Feature","geometry":{"type":"Point","coordinates":[-73.12,7.13]},"properties":{"p":572}},{"type":"Feature","geometry":{"type":"Point","coordinates":[-74.08,4.61]},"properties":{"p":7674}},{"type":"Feature","geometry":{"type":"Point","coordinates":[-75.56,6.34]},"properties":{"p":393}},{"type":"Feature","geometry":{"type":"Point","coordinates":[-74.78,10.97]},"properties":{"p":1380}},{"type":"Feature","geometry":{"type":"Point","coordinates":[-73.85,7.07]},"properties":{"p":191}},{"type":"Feature","geometry":{"type":"Point","coordinates":[-75.68,4.53]},"properties":{"p":315}},{"type":"Feature","geometry":{"type":"Point","coordinates":[-84.08,9.93]},"properties":{"p":335}},{"type":"Feature","geometry":{"type":"Point","coordinates":[-75.83,20.02]},"properties":{"p":556}},{"type":"Feature","geometry":{"type":"Point","coordinates":[-79.96,22.41]},"properties":{"p":251}},{"type":"Feature","geometry":{"type":"Point","coordinates":[-82.33,23.1]},"properties":{"p":159}},{"type":"Feature","geometry":{"type":"Point","coordinates":[-83.7,22.42]},"properties":{"p":187}},{"type":"Feature","geometry":{"type":"Point","coordinates":[-76.95,20.96]},"properties":{"p":204}},{"type":"Feature","geometry":{"type":"Point","coordinates":[-82.38,23.13]},"properties":{"p":2164}},{"type":"Feature","geometry":{"type":"Point","coordinates":[-76.26,20.89]},"properties":{"p":319}},{"type":"Feature","geometry":{"type":"Point","coordinates":[-75.21,20.14]},"properties":{"p":273}},{"type":"Feature","geometry":{"type":"Point","coordinates":[-80.45,22.15]},"properties":{"p":187}},{"type":"Feature","geometry":{"type":"Point","coordinates":[-77.92,21.38]},"properties":{"p":348}},{"type":"Feature","geometry":{"type":"Point","coordinates":[-76.64,20.37]},"properties":{"p":193}},{"type":"Feature","geometry":{"type":"Point","coordinates":[-82.38,23.04]},"properties":{"p":210}},{"type":"Feature","geometry":{"type":"Point","coordinates":[-82.33,23.16]},"properties":{"p":178}},{"type":"Feature","geometry":{"type":"Point","coordinates":[-82.36,23.14]},"properties":{"p":158}},{"type":"Feature","geometry":{"type":"Point","coordinates":[-82.4,23.01]},"properties":{"p":189}},{"type":"Feature","geometry":{"type":"Point","coordinates":[-82.36,23.09]},"properties":{"p":227}},{"type":"Feature","geometry":{"type":"Point","coordinates":[33.36,35.18]},"properties":{"p":200}},{"type":"Feature","geometry":{"type":"Point","coordinates":[33.04,34.68]},"properties":{"p":154}},{"type":"Feature","geometry":{"type":"Point","coordinates":[14.42,50.09]},"properties":{"p":1166}},{"type":"Feature","geometry":{"type":"Point","coordinates":[13.38,49.75]},"properties":{"p":164}},{"type":"Feature","geometry":{"type":"Point","coordinates":[18.28,49.83]},"properties":{"p":313}},{"type":"Feature","geometry":{"type":"Point","coordinates":[16.61,49.2]},"properties":{"p":370}},{"type":"Feature","geometry":{"type":"Point","coordinates":[7.15,51.26]},"properties":{"p":361}},{"type":"Feature","geometry":{"type":"Point","coordinates":[8.25,50.08]},"properties":{"p":272}},{"type":"Feature","geometry":{"type":"Point","coordinates":[9.18,48.78]},"properties":{"p":590}},{"type":"Feature","geometry":{"type":"Point","coordinates":[7.08,51.17]},"properties":{"p":164}},{"type":"Feature","geometry":{"type":"Point","coordinates":[7.01,49.23]},"properties":{"p":181}},{"type":"Feature","geometry":{"type":"Point","coordinates":[12.14,54.09]},"properties":{"p":198}},{"type":"Feature","geometry":{"type":"Point","coordinates":[8.05,52.27]},"properties":{"p":166}},{"type":"Feature","geometry":{"type":"Point","coordinates":[8.21,53.14]},"properties":{"p":159}},{"type":"Feature","geometry":{"type":"Point","coordinates":[6.86,51.48]},"properties":{"p":219}},{"type":"Feature","geometry":{"type":"Point","coordinates":[11.08,49.45]},"properties":{"p":499}},{"type":"Feature","geometry":{"type":"Point","coordinates":[11.63,52.15]},"properties":{"p":227}},{"type":"Feature","geometry":{"type":"Point","coordinates":[6.69,51.2]},"properties":{"p":152}},{"type":"Feature","geometry":{"type":"Point","coordinates":[13.43,52.48]},"properties":{"p":167}},{"type":"Feature","geometry":{"type":"Point","coordinates":[7.63,51.96]},"properties":{"p":270}},{"type":"Feature","geometry":{"type":"Point","coordinates":[11.58,48.14]},"properties":{"p":1260}},{"type":"Feature","geometry":{"type":"Point","coordinates":[6.88,51.43]},"properties":{"p":171}},{"type":"Feature","geometry":{"type":"Point","coordinates":[6.44,51.19]},"properties":{"p":262}},{"type":"Feature","geometry":{"type":"Point","coordinates":[8.47,49.49]},"properties":{"p":308}},{"type":"Feature","geometry":{"type":"Point","coordinates":[8.28,49.98]},"properties":{"p":185}},{"type":"Feature","geometry":{"type":"Point","coordinates":[11.63,52.13]},"properties":{"p":230}},{"type":"Feature","geometry":{"type":"Point","coordinates":[8.45,49.48]},"properties":{"p":163}},{"type":"Feature","geometry":{"type":"Point","coordinates":[10.69,53.87]},"properties":{"p":212}},{"type":"Feature","geometry":{"type":"Point","coordinates":[6.98,51.03]},"properties":{"p":163}},{"type":"Feature","geometry":{"type":"Point","coordinates":[12.37,51.34]},"properties":{"p":505}},{"type":"Feature","geometry":{"type":"Point","coordinates":[6.55,51.34]},"properties":{"p":238}},{"type":"Feature","geometry":{"type":"Point","coordinates":[6.95,50.93]},"properties":{"p":963}},{"type":"Feature","geometry":{"type":"Point","coordinates":[10.13,54.32]},"properties":{"p":233}},{"type":"Feature","geometry":{"type":"Point","coordinates":[9.5,51.32]},"properties":{"p":195}},{"type":"Feature","geometry":{"type":"Point","coordinates":[8.4,49.01]},"properties":{"p":284}},{"type":"Feature","geometry":{"type":"Point","coordinates":[7.23,51.54]},"properties":{"p":172}},{"type":"Feature","geometry":{"type":"Point","coordinates":[9.98,53.46]},"properties":{"p":203}},{"type":"Feature","geometry":{"type":"Point","coordinates":[9.73,52.37]},"properties":{"p":515}},{"type":"Feature","geometry":{"type":"Point","coordinates":[7.82,51.68]},"properties":{"p":185}},{"type":"Feature","geometry":{"type":"Point","coordinates":[10.08,53.58]},"properties":{"p":411}},{"type":"Feature","geometry":{"type":"Point","coordinates":[10.08,53.57]},"properties":{"p":287}},{"type":"Feature","geometry":{"type":"Point","coordinates":[10.02,53.55]},"properties":{"p":233}},{"type":"Feature","geometry":{"type":"Point","coordinates":[9.96,53.57]},"properties":{"p":252}},{"type":"Feature","geometry":{"type":"Point","coordinates":[9.93,53.55]},"properties":{"p":250}},{"type":"Feature","geometry":{"type":"Point","coordinates":[9.99,53.55]},"properties":{"p":1739}},{"type":"Feature","geometry":{"type":"Point","coordinates":[11.98,51.48]},"properties":{"p":234}},{"type":"Feature","geometry":{"type":"Point","coordinates":[7.47,51.36]},"properties":{"p":199}},{"type":"Feature","geometry":{"type":"Point","coordinates":[7.1,51.51]},"properties":{"p":270}},{"type":"Feature","geometry":{"type":"Point","coordinates":[7.85,48]},"properties":{"p":216}},{"type":"Feature","geometry":{"type":"Point","coordinates":[8.68,50.12]},"properties":{"p":650}},{"type":"Feature","geometry":{"type":"Point","coordinates":[7.01,51.46]},"properties":{"p":593}},{"type":"Feature","geometry":{"type":"Point","coordinates":[11.03,50.98]},"properties":{"p":203}},{"type":"Feature","geometry":{"type":"Point","coordinates":[6.78,51.22]},"properties":{"p":573}},{"type":"Feature","geometry":{"type":"Point","coordinates":[6.77,51.43]},"properties":{"p":504}},{"type":"Feature","geometry":{"type":"Point","coordinates":[13.74,51.05]},"properties":{"p":487}},{"type":"Feature","geometry":{"type":"Point","coordinates":[7.47,51.51]},"properties":{"p":588}},{"type":"Feature","geometry":{"type":"Point","coordinates":[12.93,50.84]},"properties":{"p":247}},{"type":"Feature","geometry":{"type":"Point","coordinates":[8.81,53.08]},"properties":{"p":547}},{"type":"Feature","geometry":{"type":"Point","coordinates":[10.53,52.27]},"properties":{"p":245}},{"type":"Feature","geometry":{"type":"Point","coordinates":[7.1,50.73]},"properties":{"p":313}},{"type":"Feature","geometry":{"type":"Point","coordinates":[7.22,51.48]},"properties":{"p":386}},{"type":"Feature","geometry":{"type":"Point","coordinates":[8.53,52.03]},"properties":{"p":332}},{"type":"Feature","geometry":{"type":"Point","coordinates":[13.41,52.52]},"properties":{"p":3426}},{"type":"Feature","geometry":{"type":"Point","coordinates":[10.9,48.37]},"properties":{"p":259}},{"type":"Feature","geometry":{"type":"Point","coordinates":[6.08,50.78]},"properties":{"p":265}},{"type":"Feature","geometry":{"type":"Point","coordinates":[7.18,51.5]},"properties":{"p":380}},{"type":"Feature","geometry":{"type":"Point","coordinates":[9.98,53.59]},"properties":{"p":280}},{"type":"Feature","geometry":{"type":"Point","coordinates":[43.15,11.59]},"properties":{"p":624}},{"type":"Feature","geometry":{"type":"Point","coordinates":[12.57,55.68]},"properties":{"p":1154}},{"type":"Feature","geometry":{"type":"Point","coordinates":[10.21,56.16]},"properties":{"p":238}},{"type":"Feature","geometry":{"type":"Point","coordinates":[-69.89,18.47]},"properties":{"p":2202}},{"type":"Feature","geometry":{"type":"Point","coordinates":[-70.7,19.45]},"properties":{"p":1200}},{"type":"Feature","geometry":{"type":"Point","coordinates":[-69.31,18.45]},"properties":{"p":218}},{"type":"Feature","geometry":{"type":"Point","coordinates":[-68.97,18.43]},"properties":{"p":208}},{"type":"Feature","geometry":{"type":"Point","coordinates":[-70.1,18.42]},"properties":{"p":154}},{"type":"Feature","geometry":{"type":"Point","coordinates":[-69.95,18.46]},"properties":{"p":176}},{"type":"Feature","geometry":{"type":"Point","coordinates":[-70,18.5]},"properties":{"p":701}},{"type":"Feature","geometry":{"type":"Point","coordinates":[-69.86,18.49]},"properties":{"p":700}},{"type":"Feature","geometry":{"type":"Point","coordinates":[3.48,36.77]},"properties":{"p":786}},{"type":"Feature","geometry":{"type":"Point","coordinates":[1.32,35.37]},"properties":{"p":179}},{"type":"Feature","geometry":{"type":"Point","coordinates":[8.12,35.4]},"properties":{"p":634}},{"type":"Feature","geometry":{"type":"Point","coordinates":[7.95,36.29]},"properties":{"p":157}},{"type":"Feature","geometry":{"type":"Point","coordinates":[6.91,36.88]},"properties":{"p":163}},{"type":"Feature","geometry":{"type":"Point","coordinates":[-0.63,35.19]},"properties":{"p":192}},{"type":"Feature","geometry":{"type":"Point","coordinates":[5.41,36.19]},"properties":{"p":288}},{"type":"Feature","geometry":{"type":"Point","coordinates":[-0.64,35.7]},"properties":{"p":646}},{"type":"Feature","geometry":{"type":"Point","coordinates":[0.14,35.4]},"properties":{"p":150}},{"type":"Feature","geometry":{"type":"Point","coordinates":[1.33,36.17]},"properties":{"p":179}},{"type":"Feature","geometry":{"type":"Point","coordinates":[4.63,36.06]},"properties":{"p":158}},{"type":"Feature","geometry":{"type":"Point","coordinates":[1.26,36.2]},"properties":{"p":168}},{"type":"Feature","geometry":{"type":"Point","coordinates":[3.26,34.67]},"properties":{"p":154}},{"type":"Feature","geometry":{"type":"Point","coordinates":[6.61,36.37]},"properties":{"p":450}},{"type":"Feature","geometry":{"type":"Point","coordinates":[4.76,36.07]},"properties":{"p":168}},{"type":"Feature","geometry":{"type":"Point","coordinates":[2.83,36.47]},"properties":{"p":182}},{"type":"Feature","geometry":{"type":"Point","coordinates":[5.73,34.85]},"properties":{"p":308}},{"type":"Feature","geometry":{"type":"Point","coordinates":[5.08,36.76]},"properties":{"p":164}},{"type":"Feature","geometry":{"type":"Point","coordinates":[6.17,35.56]},"properties":{"p":281}},{"type":"Feature","geometry":{"type":"Point","coordinates":[3.18,36.73]},"properties":{"p":276}},{"type":"Feature","geometry":{"type":"Point","coordinates":[7.77,36.9]},"properties":{"p":207}},{"type":"Feature","geometry":{"type":"Point","coordinates":[3.09,36.73]},"properties":{"p":1978}},{"type":"Feature","geometry":{"type":"Point","coordinates":[-79.18,-0.25]},"properties":{"p":200}},{"type":"Feature","geometry":{"type":"Point","coordinates":[-78.52,-0.23]},"properties":{"p":1400}},{"type":"Feature","geometry":{"type":"Point","coordinates":[-80.45,-1.05]},"properties":{"p":170}},{"type":"Feature","geometry":{"type":"Point","coordinates":[-80.71,-0.96]},"properties":{"p":183}},{"type":"Feature","geometry":{"type":"Point","coordinates":[-79.96,-3.26]},"properties":{"p":198}},{"type":"Feature","geometry":{"type":"Point","coordinates":[-79.89,-2.2]},"properties":{"p":1952}},{"type":"Feature","geometry":{"type":"Point","coordinates":[-79.65,0.96]},"properties":{"p":165}},{"type":"Feature","geometry":{"type":"Point","coordinates":[-79.86,-2.18]},"properties":{"p":168}},{"type":"Feature","geometry":{"type":"Point","coordinates":[-79,-2.9]},"properties":{"p":277}},{"type":"Feature","geometry":{"type":"Point","coordinates":[-78.62,-1.25]},"properties":{"p":154}},{"type":"Feature","geometry":{"type":"Point","coordinates":[24.75,59.44]},"properties":{"p":394}},{"type":"Feature","geometry":{"type":"Point","coordinates":[31,30.79]},"properties":{"p":405}},{"type":"Feature","geometry":{"type":"Point","coordinates":[31.38,31.05]},"properties":{"p":158}},{"type":"Feature","geometry":{"type":"Point","coordinates":[31.69,26.56]},"properties":{"p":209}},{"type":"Feature","geometry":{"type":"Point","coordinates":[31.01,30.55]},"properties":{"p":186}},{"type":"Feature","geometry":{"type":"Point","coordinates":[32.73,26.16]},"properties":{"p":235}},{"type":"Feature","geometry":{"type":"Point","coordinates":[30.13,31.13]},"properties":{"p":267}},{"type":"Feature","geometry":{"type":"Point","coordinates":[30.3,31.31]},"properties":{"p":211}},{"type":"Feature","geometry":{"type":"Point","coordinates":[31.3,29.84]},"properties":{"p":230}},{"type":"Feature","geometry":{"type":"Point","coordinates":[30.47,31.03]},"properties":{"p":228}},{"type":"Feature","geometry":{"type":"Point","coordinates":[32.3,31.27]},"properties":{"p":538}},{"type":"Feature","geometry":{"type":"Point","coordinates":[31.1,29.07]},"properties":{"p":190}},{"type":"Feature","geometry":{"type":"Point","coordinates":[31.18,30.46]},"properties":{"p":167}},{"type":"Feature","geometry":{"type":"Point","coordinates":[31.5,30.59]},"properties":{"p":285}},{"type":"Feature","geometry":{"type":"Point","coordinates":[31.18,27.18]},"properties":{"p":421}},{"type":"Feature","geometry":{"type":"Point","coordinates":[32.9,24.09]},"properties":{"p":241}},{"type":"Feature","geometry":{"type":"Point","coordinates":[32.53,29.97]},"properties":{"p":488}},{"type":"Feature","geometry":{"type":"Point","coordinates":[32.64,25.7]},"properties":{"p":422}},{"type":"Feature","geometry":{"type":"Point","coordinates":[31.25,30.06]},"properties":{"p":7735}},{"type":"Feature","geometry":{"type":"Point","coordinates":[30.76,28.09]},"properties":{"p":227}},{"type":"Feature","geometry":{"type":"Point","coordinates":[31.38,31.04]},"properties":{"p":420}},{"type":"Feature","geometry":{"type":"Point","coordinates":[31.17,30.97]},"properties":{"p":431}},{"type":"Feature","geometry":{"type":"Point","coordinates":[31.21,30.01]},"properties":{"p":2443}},{"type":"Feature","geometry":{"type":"Point","coordinates":[32.27,30.6]},"properties":{"p":285}},{"type":"Feature","geometry":{"type":"Point","coordinates":[29.92,31.2]},"properties":{"p":3812}},{"type":"Feature","geometry":{"type":"Point","coordinates":[30.84,29.31]},"properties":{"p":306}},{"type":"Feature","geometry":{"type":"Point","coordinates":[31.47,30.03]},"properties":{"p":200}},{"type":"Feature","geometry":{"type":"Point","coordinates":[-13.19,27.14]},"properties":{"p":196}},{"type":"Feature","geometry":{"type":"Point","coordinates":[38.93,15.34]},"properties":{"p":564}},{"type":"Feature","geometry":{"type":"Point","coordinates":[-0.38,39.47]},"properties":{"p":814}},{"type":"Feature","geometry":{"type":"Point","coordinates":[-5.97,37.38]},"properties":{"p":703}},{"type":"Feature","geometry":{"type":"Point","coordinates":[-16.25,28.47]},"properties":{"p":222}},{"type":"Feature","geometry":{"type":"Point","coordinates":[-16.32,28.49]},"properties":{"p":151}},{"type":"Feature","geometry":{"type":"Point","coordinates":[2.65,39.57]},"properties":{"p":401}},{"type":"Feature","geometry":{"type":"Point","coordinates":[-1.13,37.99]},"properties":{"p":437}},{"type":"Feature","geometry":{"type":"Point","coordinates":[-4.42,36.72]},"properties":{"p":568}},{"type":"Feature","geometry":{"type":"Point","coordinates":[-15.41,28.1]},"properties":{"p":382}},{"type":"Feature","geometry":{"type":"Point","coordinates":[-6.14,36.69]},"properties":{"p":208}},{"type":"Feature","geometry":{"type":"Point","coordinates":[-3.61,37.19]},"properties":{"p":234}},{"type":"Feature","geometry":{"type":"Point","coordinates":[-0.7,38.26]},"properties":{"p":230}},{"type":"Feature","geometry":{"type":"Point","coordinates":[-4.77,37.89]},"properties":{"p":328}},{"type":"Feature","geometry":{"type":"Point","coordinates":[-0.05,39.99]},"properties":{"p":180}},{"type":"Feature","geometry":{"type":"Point","coordinates":[-0.99,37.61]},"properties":{"p":212}},{"type":"Feature","geometry":{"type":"Point","coordinates":[-2.46,36.84]},"properties":{"p":189}},{"type":"Feature","geometry":{"type":"Point","coordinates":[-0.48,38.35]},"properties":{"p":335}},{"type":"Feature","geometry":{"type":"Point","coordinates":[-1.86,38.99]},"properties":{"p":170}},{"type":"Feature","geometry":{"type":"Point","coordinates":[-0.88,41.66]},"properties":{"p":674}},{"type":"Feature","geometry":{"type":"Point","coordinates":[-2.67,42.85]},"properties":{"p":236}},{"type":"Feature","geometry":{"type":"Point","coordinates":[-8.72,42.23]},"properties":{"p":297}},{"type":"Feature","geometry":{"type":"Point","coordinates":[-4.72,41.66]},"properties":{"p":318}},{"type":"Feature","geometry":{"type":"Point","coordinates":[-3.7,40.46]},"properties":{"p":155}},{"type":"Feature","geometry":{"type":"Point","coordinates":[2.02,41.57]},"properties":{"p":211}},{"type":"Feature","geometry":{"type":"Point","coordinates":[-3.8,43.46]},"properties":{"p":183}},{"type":"Feature","geometry":{"type":"Point","coordinates":[-1.97,43.31]},"properties":{"p":185}},{"type":"Feature","geometry":{"type":"Point","coordinates":[-5.66,40.97]},"properties":{"p":156}},{"type":"Feature","geometry":{"type":"Point","coordinates":[2.11,41.54]},"properties":{"p":206}},{"type":"Feature","geometry":{"type":"Point","coordinates":[-3.66,40.39]},"properties":{"p":244}},{"type":"Feature","geometry":{"type":"Point","coordinates":[-1.64,42.82]},"properties":{"p":198}},{"type":"Feature","geometry":{"type":"Point","coordinates":[-5.84,43.36]},"properties":{"p":224}},{"type":"Feature","geometry":{"type":"Point","coordinates":[-3.86,40.32]},"properties":{"p":206}},{"type":"Feature","geometry":{"type":"Point","coordinates":[-3.7,40.42]},"properties":{"p":3256}},{"type":"Feature","geometry":{"type":"Point","coordinates":[-2.45,42.47]},"properties":{"p":152}},{"type":"Feature","geometry":{"type":"Point","coordinates":[-3.76,40.33]},"properties":{"p":186}},{"type":"Feature","geometry":{"type":"Point","coordinates":[-8.4,43.37]},"properties":{"p":246}},{"type":"Feature","geometry":{"type":"Point","coordinates":[2.1,41.36]},"properties":{"p":257}},{"type":"Feature","geometry":{"type":"Point","coordinates":[-3.64,40.47]},"properties":{"p":162}},{"type":"Feature","geometry":{"type":"Point","coordinates":[-5.66,43.54]},"properties":{"p":278}},{"type":"Feature","geometry":{"type":"Point","coordinates":[-3.73,40.31]},"properties":{"p":167}},{"type":"Feature","geometry":{"type":"Point","coordinates":[-3.79,40.28]},"properties":{"p":198}},{"type":"Feature","geometry":{"type":"Point","coordinates":[-3.65,40.45]},"properties":{"p":228}},{"type":"Feature","geometry":{"type":"Point","coordinates":[-3.7,42.34]},"properties":{"p":179}},{"type":"Feature","geometry":{"type":"Point","coordinates":[-2.93,43.26]},"properties":{"p":355}},{"type":"Feature","geometry":{"type":"Point","coordinates":[2.16,41.39]},"properties":{"p":1622}},{"type":"Feature","geometry":{"type":"Point","coordinates":[2.25,41.45]},"properties":{"p":220}},{"type":"Feature","geometry":{"type":"Point","coordinates":[-3.82,40.35]},"properties":{"p":168}},{"type":"Feature","geometry":{"type":"Point","coordinates":[-3.36,40.48]},"properties":{"p":205}},{"type":"Feature","geometry":{"type":"Point","coordinates":[2.18,41.44]},"properties":{"p":166}},{"type":"Feature","geometry":{"type":"Point","coordinates":[2.16,41.39]},"properties":{"p":266}},{"type":"Feature","geometry":{"type":"Point","coordinates":[2.17,41.42]},"properties":{"p":168}},{"type":"Feature","geometry":{"type":"Point","coordinates":[2.15,41.37]},"properties":{"p":183}},{"type":"Feature","geometry":{"type":"Point","coordinates":[2.2,41.42]},"properties":{"p":236}},{"type":"Feature","geometry":{"type":"Point","coordinates":[-3.62,40.44]},"properties":{"p":157}},{"type":"Feature","geometry":{"type":"Point","coordinates":[-3.75,40.39]},"properties":{"p":257}},{"type":"Feature","geometry":{"type":"Point","coordinates":[-3.72,40.39]},"properties":{"p":254}},{"type":"Feature","geometry":{"type":"Point","coordinates":[-3.73,40.5]},"properties":{"p":220}},{"type":"Feature","geometry":{"type":"Point","coordinates":[39.27,8.55]},"properties":{"p":214}},{"type":"Feature","geometry":{"type":"Point","coordinates":[39.48,13.5]},"properties":{"p":216}},{"type":"Feature","geometry":{"type":"Point","coordinates":[37.47,12.6]},"properties":{"p":154}},{"type":"Feature","geometry":{"type":"Point","coordinates":[41.87,9.59]},"properties":{"p":252}},{"type":"Feature","geometry":{"type":"Point","coordinates":[37.39,11.59]},"properties":{"p":169}},{"type":"Feature","geometry":{"type":"Point","coordinates":[38.75,9.02]},"properties":{"p":2758}},{"type":"Feature","geometry":{"type":"Point","coordinates":[25.04,60.29]},"properties":{"p":190}},{"type":"Feature","geometry":{"type":"Point","coordinates":[22.27,60.45]},"properties":{"p":176}},{"type":"Feature","geometry":{"type":"Point","coordinates":[23.79,61.5]},"properties":{"p":203}},{"type":"Feature","geometry":{"type":"Point","coordinates":[24.94,60.17]},"properties":{"p":558}},{"type":"Feature","geometry":{"type":"Point","coordinates":[24.65,60.21]},"properties":{"p":257}},{"type":"Feature","geometry":{"type":"Point","coordinates":[1.44,43.6]},"properties":{"p":433}},{"type":"Feature","geometry":{"type":"Point","coordinates":[5.93,43.12]},"properties":{"p":169}},{"type":"Feature","geometry":{"type":"Point","coordinates":[7.75,48.58]},"properties":{"p":275}},{"type":"Feature","geometry":{"type":"Point","coordinates":[4.39,45.43]},"properties":{"p":176}},{"type":"Feature","geometry":{"type":"Point","coordinates":[-1.67,48.11]},"properties":{"p":209}},{"type":"Feature","geometry":{"type":"Point","coordinates":[4.03,49.27]},"properties":{"p":197}},{"type":"Feature","geometry":{"type":"Point","coordinates":[2.35,48.85]},"properties":{"p":2139}},{"type":"Feature","geometry":{"type":"Point","coordinates":[7.27,43.7]},"properties":{"p":339}},{"type":"Feature","geometry":{"type":"Point","coordinates":[-1.55,47.22]},"properties":{"p":277}},{"type":"Feature","geometry":{"type":"Point","coordinates":[3.88,43.61]},"properties":{"p":248}},{"type":"Feature","geometry":{"type":"Point","coordinates":[5.38,43.3]},"properties":{"p":795}},{"type":"Feature","geometry":{"type":"Point","coordinates":[4.85,45.75]},"properties":{"p":472}},{"type":"Feature","geometry":{"type":"Point","coordinates":[3.06,50.63]},"properties":{"p":228}},{"type":"Feature","geometry":{"type":"Point","coordinates":[0.11,49.49]},"properties":{"p":186}},{"type":"Feature","geometry":{"type":"Point","coordinates":[5.71,45.18]},"properties":{"p":159}},{"type":"Feature","geometry":{"type":"Point","coordinates":[-0.58,44.84]},"properties":{"p":232}},{"type":"Feature","geometry":{"type":"Point","coordinates":[-0.55,47.47]},"properties":{"p":168}},{"type":"Feature","geometry":{"type":"Point","coordinates":[2.08,49.04]},"properties":{"p":183}},{"type":"Feature","geometry":{"type":"Point","coordinates":[9.45,0.39]},"properties":{"p":578}},{"type":"Feature","geometry":{"type":"Point","coordinates":[-1.08,53.96]},"properties":{"p":154}},{"type":"Feature","geometry":{"type":"Point","coordinates":[-2.12,52.59]},"properties":{"p":253}},{"type":"Feature","geometry":{"type":"Point","coordinates":[-2.64,53.54]},"properties":{"p":175}},{"type":"Feature","geometry":{"type":"Point","coordinates":[-0.14,51.5]},"properties":{"p":248}},{"type":"Feature","geometry":{"type":"Point","coordinates":[-2.58,53.39]},"properties":{"p":165}},{"type":"Feature","geometry":{"type":"Point","coordinates":[-1.98,52.59]},"properties":{"p":172}},{"type":"Feature","geometry":{"type":"Point","coordinates":[-1.78,51.56]},"properties":{"p":186}},{"type":"Feature","geometry":{"type":"Point","coordinates":[-3.94,51.62]},"properties":{"p":300}},{"type":"Feature","geometry":{"type":"Point","coordinates":[-0.2,51.35]},"properties":{"p":188}},{"type":"Feature","geometry":{"type":"Point","coordinates":[-1.38,54.9]},"properties":{"p":335}},{"type":"Feature","geometry":{"type":"Point","coordinates":[-2.19,53]},"properties":{"p":373}},{"type":"Feature","geometry":{"type":"Point","coordinates":[0.71,51.54]},"properties":{"p":295}},{"type":"Feature","geometry":{"type":"Point","coordinates":[-1.4,50.9]},"properties":{"p":246}},{"type":"Feature","geometry":{"type":"Point","coordinates":[-0.6,51.51]},"properties":{"p":164}},{"type":"Feature","geometry":{"type":"Point","coordinates":[-1.47,53.38]},"properties":{"p":685}},{"type":"Feature","geometry":{"type":"Point","coordinates":[-0.97,51.46]},"properties":{"p":318}},{"type":"Feature","geometry":{"type":"Point","coordinates":[-2.7,53.76]},"properties":{"p":313}},{"type":"Feature","geometry":{"type":"Point","coordinates":[-1.09,50.8]},"properties":{"p":194}},{"type":"Feature","geometry":{"type":"Point","coordinates":[-1.98,50.71]},"properties":{"p":150}},{"type":"Feature","geometry":{"type":"Point","coordinates":[-4.14,50.37]},"properties":{"p":260}},{"type":"Feature","geometry":{"type":"Point","coordinates":[-0.25,52.57]},"properties":{"p":163}},{"type":"Feature","geometry":{"type":"Point","coordinates":[-1.26,51.75]},"properties":{"p":171}},{"type":"Feature","geometry":{"type":"Point","coordinates":[-1.15,52.95]},"properties":{"p":730}},{"type":"Feature","geometry":{"type":"Point","coordinates":[1.3,52.63]},"properties":{"p":213}},{"type":"Feature","geometry":{"type":"Point","coordinates":[-0.88,52.25]},"properties":{"p":216}},{"type":"Feature","geometry":{"type":"Point","coordinates":[-3,51.59]},"properties":{"p":307}},{"type":"Feature","geometry":{"type":"Point","coordinates":[-1.61,54.97]},"properties":{"p":192}},{"type":"Feature","geometry":{"type":"Point","coordinates":[-0.76,52.04]},"properties":{"p":230}},{"type":"Feature","geometry":{"type":"Point","coordinates":[-1.2,53.13]},"properties":{"p":172}},{"type":"Feature","geometry":{"type":"Point","coordinates":[-2.24,53.48]},"properties":{"p":396}},{"type":"Feature","geometry":{"type":"Point","coordinates":[-0.42,51.88]},"properties":{"p":258}},{"type":"Feature","geometry":{"type":"Point","coordinates":[-0.13,51.51]},"properties":{"p":7557}},{"type":"Feature","geometry":{"type":"Point","coordinates":[-2.98,53.41]},"properties":{"p":864}},{"type":"Feature","geometry":{"type":"Point","coordinates":[-1.13,52.64]},"properties":{"p":509}},{"type":"Feature","geometry":{"type":"Point","coordinates":[-1.55,53.8]},"properties":{"p":455}},{"type":"Feature","geometry":{"type":"Point","coordinates":[-0.34,53.74]},"properties":{"p":314}},{"type":"Feature","geometry":{"type":"Point","coordinates":[-0.1,51.54]},"properties":{"p":319}},{"type":"Feature","geometry":{"type":"Point","coordinates":[1.16,52.06]},"properties":{"p":179}},{"type":"Feature","geometry":{"type":"Point","coordinates":[-2.24,51.87]},"properties":{"p":150}},{"type":"Feature","geometry":{"type":"Point","coordinates":[-4.26,55.87]},"properties":{"p":592}},{"type":"Feature","geometry":{"type":"Point","coordinates":[-3.2,55.95]},"properties":{"p":465}},{"type":"Feature","geometry":{"type":"Point","coordinates":[-2.08,52.5]},"properties":{"p":199}},{"type":"Feature","geometry":{"type":"Point","coordinates":[-1.13,53.52]},"properties":{"p":158}},{"type":"Feature","geometry":{"type":"Point","coordinates":[-1.48,52.92]},"properties":{"p":270}},{"type":"Feature","geometry":{"type":"Point","coordinates":[-0.1,51.38]},"properties":{"p":173}},{"type":"Feature","geometry":{"type":"Point","coordinates":[-0.18,51.11]},"properties":{"p":181}},{"type":"Feature","geometry":{"type":"Point","coordinates":[-1.51,52.41]},"properties":{"p":359}},{"type":"Feature","geometry":{"type":"Point","coordinates":[-3.18,51.48]},"properties":{"p":447}},{"type":"Feature","geometry":{"type":"Point","coordinates":[0.12,52.2]},"properties":{"p":158}},{"type":"Feature","geometry":{"type":"Point","coordinates":[-2.6,51.46]},"properties":{"p":617}},{"type":"Feature","geometry":{"type":"Point","coordinates":[-0.3,51.55]},"properties":{"p":329}},{"type":"Feature","geometry":{"type":"Point","coordinates":[-1.75,53.79]},"properties":{"p":299}},{"type":"Feature","geometry":{"type":"Point","coordinates":[-1.88,50.72]},"properties":{"p":164}},{"type":"Feature","geometry":{"type":"Point","coordinates":[-3.05,53.82]},"properties":{"p":239}},{"type":"Feature","geometry":{"type":"Point","coordinates":[-1.9,52.48]},"properties":{"p":984}},{"type":"Feature","geometry":{"type":"Point","coordinates":[-3.01,53.39]},"properties":{"p":325}},{"type":"Feature","geometry":{"type":"Point","coordinates":[0.15,51.44]},"properties":{"p":228}},{"type":"Feature","geometry":{"type":"Point","coordinates":[-5.93,54.6]},"properties":{"p":275}},{"type":"Feature","geometry":{"type":"Point","coordinates":[-2.1,57.14]},"properties":{"p":197}},{"type":"Feature","geometry":{"type":"Point","coordinates":[-0.13,51.57]},"properties":{"p":216}},{"type":"Feature","geometry":{"type":"Point","coordinates":[44.83,41.69]},"properties":{"p":1049}},{"type":"Feature","geometry":{"type":"Point","coordinates":[42.69,42.27]},"properties":{"p":178}},{"type":"Feature","geometry":{"type":"Point","coordinates":[-0.02,5.67]},"properties":{"p":156}},{"type":"Feature","geometry":{"type":"Point","coordinates":[-0.84,9.4]},"properties":{"p":361}},{"type":"Feature","geometry":{"type":"Point","coordinates":[-1.76,4.9]},"properties":{"p":233}},{"type":"Feature","geometry":{"type":"Point","coordinates":[-1.62,6.69]},"properties":{"p":1469}},{"type":"Feature","geometry":{"type":"Point","coordinates":[-0.33,5.7]},"properties":{"p":203}},{"type":"Feature","geometry":{"type":"Point","coordinates":[-0.2,5.56]},"properties":{"p":1963}},{"type":"Feature","geometry":{"type":"Point","coordinates":[-16.68,13.44]},"properties":{"p":340}},{"type":"Feature","geometry":{"type":"Point","coordinates":[-13.68,9.54]},"properties":{"p":1767}},{"type":"Feature","geometry":{"type":"Point","coordinates":[-13.69,9.54]},"properties":{"p":1871}},{"type":"Feature","geometry":{"type":"Point","coordinates":[8.78,3.76]},"properties":{"p":156}},{"type":"Feature","geometry":{"type":"Point","coordinates":[9.77,1.86]},"properties":{"p":173}},{"type":"Feature","geometry":{"type":"Point","coordinates":[23.65,37.94]},"properties":{"p":164}},{"type":"Feature","geometry":{"type":"Point","coordinates":[21.73,38.24]},"properties":{"p":168}},{"type":"Feature","geometry":{"type":"Point","coordinates":[23.73,37.98]},"properties":{"p":664}},{"type":"Feature","geometry":{"type":"Point","coordinates":[22.93,40.64]},"properties":{"p":354}},{"type":"Feature","geometry":{"type":"Point","coordinates":[-90.59,14.53]},"properties":{"p":407}},{"type":"Feature","geometry":{"type":"Point","coordinates":[-90.61,14.63]},"properties":{"p":473}},{"type":"Feature","geometry":{"type":"Point","coordinates":[-90.51,14.64]},"properties":{"p":995}},{"type":"Feature","geometry":{"type":"Point","coordinates":[-15.6,11.86]},"properties":{"p":388}},{"type":"Feature","geometry":{"type":"Point","coordinates":[-58.16,6.8]},"properties":{"p":235}},{"type":"Feature","geometry":{"type":"Point","coordinates":[114.11,22.37]},"properties":{"p":289}},{"type":"Feature","geometry":{"type":"Point","coordinates":[114.18,22.32]},"properties":{"p":2020}},{"type":"Feature","geometry":{"type":"Point","coordinates":[114.17,22.28]},"properties":{"p":7013}},{"type":"Feature","geometry":{"type":"Point","coordinates":[-87.21,14.08]},"properties":{"p":851}},{"type":"Feature","geometry":{"type":"Point","coordinates":[-88.02,15.5]},"properties":{"p":489}},{"type":"Feature","geometry":{"type":"Point","coordinates":[15.98,45.81]},"properties":{"p":699}},{"type":"Feature","geometry":{"type":"Point","coordinates":[16.44,43.51]},"properties":{"p":176}},{"type":"Feature","geometry":{"type":"Point","coordinates":[-72.83,19.94]},"properties":{"p":250}},{"type":"Feature","geometry":{"type":"Point","coordinates":[-72.34,18.54]},"properties":{"p":1235}},{"type":"Feature","geometry":{"type":"Point","coordinates":[-72.29,18.51]},"properties":{"p":283}},{"type":"Feature","geometry":{"type":"Point","coordinates":[-72.3,18.54]},"properties":{"p":383}},{"type":"Feature","geometry":{"type":"Point","coordinates":[-72.23,18.58]},"properties":{"p":229}},{"type":"Feature","geometry":{"type":"Point","coordinates":[-72.4,18.54]},"properties":{"p":442}},{"type":"Feature","geometry":{"type":"Point","coordinates":[20.15,46.25]},"properties":{"p":165}},{"type":"Feature","geometry":{"type":"Point","coordinates":[20.78,48.1]},"properties":{"p":173}},{"type":"Feature","geometry":{"type":"Point","coordinates":[21.62,47.53]},"properties":{"p":204}},{"type":"Feature","geometry":{"type":"Point","coordinates":[18.23,46.07]},"properties":{"p":157}},{"type":"Feature","geometry":{"type":"Point","coordinates":[19.04,47.5]},"properties":{"p":1741}},{"type":"Feature","geometry":{"type":"Point","coordinates":[98.62,3.58]},"properties":{"p":158}},{"type":"Feature","geometry":{"type":"Point","coordinates":[98.86,3.63]},"properties":{"p":311}},{"type":"Feature","geometry":{"type":"Point","coordinates":[98.96,3.57]},"properties":{"p":157}},{"type":"Feature","geometry":{"type":"Point","coordinates":[99.07,2.96]},"properties":{"p":210}},{"type":"Feature","geometry":{"type":"Point","coordinates":[98.67,3.58]},"properties":{"p":1751}},{"type":"Feature","geometry":{"type":"Point","coordinates":[98.49,3.6]},"properties":{"p":229}},{"type":"Feature","geometry":{"type":"Point","coordinates":[95.33,5.54]},"properties":{"p":251}},{"type":"Feature","geometry":{"type":"Point","coordinates":[110.36,-7.8]},"properties":{"p":637}},{"type":"Feature","geometry":{"type":"Point","coordinates":[119.43,-5.15]},"properties":{"p":1322}},{"type":"Feature","geometry":{"type":"Point","coordinates":[109.14,-6.87]},"properties":{"p":237}},{"type":"Feature","geometry":{"type":"Point","coordinates":[108.22,-7.33]},"properties":{"p":271}},{"type":"Feature","geometry":{"type":"Point","coordinates":[104.46,0.92]},"properties":{"p":192}},{"type":"Feature","geometry":{"type":"Point","coordinates":[105.26,-5.43]},"properties":{"p":800}},{"type":"Feature","geometry":{"type":"Point","coordinates":[106.63,-6.18]},"properties":{"p":1372}},{"type":"Feature","geometry":{"type":"Point","coordinates":[110.83,-7.56]},"properties":{"p":555}},{"type":"Feature","geometry":{"type":"Point","coordinates":[112.75,-7.25]},"properties":{"p":2375}},{"type":"Feature","geometry":{"type":"Point","coordinates":[107.92,-6.86]},"properties":{"p":200}},{"type":"Feature","geometry":{"type":"Point","coordinates":[106.93,-6.92]},"properties":{"p":276}},{"type":"Feature","geometry":{"type":"Point","coordinates":[107.52,-7.03]},"properties":{"p":151}},{"type":"Feature","geometry":{"type":"Point","coordinates":[114.01,-7.71]},"properties":{"p":600}},{"type":"Feature","geometry":{"type":"Point","coordinates":[106.15,-6.12]},"properties":{"p":165}},{"type":"Feature","geometry":{"type":"Point","coordinates":[110.42,-6.99]},"properties":{"p":1288}},{"type":"Feature","geometry":{"type":"Point","coordinates":[117.15,-0.49]},"properties":{"p":355}},{"type":"Feature","geometry":{"type":"Point","coordinates":[110.49,-7.33]},"properties":{"p":173}},{"type":"Feature","geometry":{"type":"Point","coordinates":[107.3,-6.16]},"properties":{"p":201}},{"type":"Feature","geometry":{"type":"Point","coordinates":[109.23,-7.42]},"properties":{"p":217}},{"type":"Feature","geometry":{"type":"Point","coordinates":[110.92,-7.09]},"properties":{"p":150}},{"type":"Feature","geometry":{"type":"Point","coordinates":[107.44,-6.56]},"properties":{"p":216}},{"type":"Feature","geometry":{"type":"Point","coordinates":[113.22,-7.75]},"properties":{"p":182}},{"type":"Feature","geometry":{"type":"Point","coordinates":[109.33,-0.03]},"properties":{"p":455}},{"type":"Feature","geometry":{"type":"Point","coordinates":[108.47,-6.7]},"properties":{"p":167}},{"type":"Feature","geometry":{"type":"Point","coordinates":[109.38,-6.89]},"properties":{"p":184}},{"type":"Feature","geometry":{"type":"Point","coordinates":[101.44,0.52]},"properties":{"p":704}},{"type":"Feature","geometry":{"type":"Point","coordinates":[109.68,-6.89]},"properties":{"p":258}},{"type":"Feature","geometry":{"type":"Point","coordinates":[112.91,-7.65]},"properties":{"p":159}},{"type":"Feature","geometry":{"type":"Point","coordinates":[106.53,-6.17]},"properties":{"p":154}},{"type":"Feature","geometry":{"type":"Point","coordinates":[106.73,-6.42]},"properties":{"p":194}},{"type":"Feature","geometry":{"type":"Point","coordinates":[106.74,-6.34]},"properties":{"p":175}},{"type":"Feature","geometry":{"type":"Point","coordinates":[119.87,-0.91]},"properties":{"p":282}},{"type":"Feature","geometry":{"type":"Point","coordinates":[104.75,-2.92]},"properties":{"p":1442}},{"type":"Feature","geometry":{"type":"Point","coordinates":[100.35,-0.95]},"properties":{"p":840}},{"type":"Feature","geometry":{"type":"Point","coordinates":[116.12,-8.58]},"properties":{"p":319}},{"type":"Feature","geometry":{"type":"Point","coordinates":[124.85,1.48]},"properties":{"p":452}},{"type":"Feature","geometry":{"type":"Point","coordinates":[112.63,-7.98]},"properties":{"p":747}},{"type":"Feature","geometry":{"type":"Point","coordinates":[111.52,-7.63]},"properties":{"p":186}},{"type":"Feature","geometry":{"type":"Point","coordinates":[117.1,-0.58]},"properties":{"p":213}},{"type":"Feature","geometry":{"type":"Point","coordinates":[107.62,-6.81]},"properties":{"p":183}},{"type":"Feature","geometry":{"type":"Point","coordinates":[112.69,-7.84]},"properties":{"p":159}},{"type":"Feature","geometry":{"type":"Point","coordinates":[119.89,-8.5]},"properties":{"p":189}},{"type":"Feature","geometry":{"type":"Point","coordinates":[122.52,-3.98]},"properties":{"p":195}},{"type":"Feature","geometry":{"type":"Point","coordinates":[112.02,-7.82]},"properties":{"p":235}},{"type":"Feature","geometry":{"type":"Point","coordinates":[113.7,-8.17]},"properties":{"p":299}},{"type":"Feature","geometry":{"type":"Point","coordinates":[103.62,-1.6]},"properties":{"p":420}},{"type":"Feature","geometry":{"type":"Point","coordinates":[106.85,-6.21]},"properties":{"p":8540}},{"type":"Feature","geometry":{"type":"Point","coordinates":[106.82,-6.4]},"properties":{"p":1198}},{"type":"Feature","geometry":{"type":"Point","coordinates":[115.22,-8.65]},"properties":{"p":835}},{"type":"Feature","geometry":{"type":"Point","coordinates":[106.56,-6.27]},"properties":{"p":191}},{"type":"Feature","geometry":{"type":"Point","coordinates":[108.56,-6.71]},"properties":{"p":254}},{"type":"Feature","geometry":{"type":"Point","coordinates":[106.7,-6.24]},"properties":{"p":208}},{"type":"Feature","geometry":{"type":"Point","coordinates":[107.54,-6.87]},"properties":{"p":494}},{"type":"Feature","geometry":{"type":"Point","coordinates":[106.96,-6.39]},"properties":{"p":202}},{"type":"Feature","geometry":{"type":"Point","coordinates":[106.85,-6.48]},"properties":{"p":189}},{"type":"Feature","geometry":{"type":"Point","coordinates":[106.7,-6.55]},"properties":{"p":207}},{"type":"Feature","geometry":{"type":"Point","coordinates":[106.79,-6.59]},"properties":{"p":800}},{"type":"Feature","geometry":{"type":"Point","coordinates":[102.27,-3.8]},"properties":{"p":310}},{"type":"Feature","geometry":{"type":"Point","coordinates":[106.99,-6.23]},"properties":{"p":1520}},{"type":"Feature","geometry":{"type":"Point","coordinates":[114.59,-3.32]},"properties":{"p":573}},{"type":"Feature","geometry":{"type":"Point","coordinates":[107.59,-7.05]},"properties":{"p":165}},{"type":"Feature","geometry":{"type":"Point","coordinates":[107.61,-6.92]},"properties":{"p":1700}},{"type":"Feature","geometry":{"type":"Point","coordinates":[116.83,-1.27]},"properties":{"p":434}},{"type":"Feature","geometry":{"type":"Point","coordinates":[128.18,-3.7]},"properties":{"p":356}},{"type":"Feature","geometry":{"type":"Point","coordinates":[106.51,-6.24]},"properties":{"p":174}},{"type":"Feature","geometry":{"type":"Point","coordinates":[123.61,-10.17]},"properties":{"p":282}},{"type":"Feature","geometry":{"type":"Point","coordinates":[104.02,1.15]},"properties":{"p":1164}},{"type":"Feature","geometry":{"type":"Point","coordinates":[116.89,-1.24]},"properties":{"p":700}},{"type":"Feature","geometry":{"type":"Point","coordinates":[106.72,-6.29]},"properties":{"p":1304}},{"type":"Feature","geometry":{"type":"Point","coordinates":[-6.25,53.33]},"properties":{"p":1024}},{"type":"Feature","geometry":{"type":"Point","coordinates":[-8.47,51.9]},"properties":{"p":190}},{"type":"Feature","geometry":{"type":"Point","coordinates":[35.22,31.77]},"properties":{"p":801}},{"type":"Feature","geometry":{"type":"Point","coordinates":[34.78,32.08]},"properties":{"p":433}},{"type":"Feature","geometry":{"type":"Point","coordinates":[34.79,31.97]},"properties":{"p":220}},{"type":"Feature","geometry":{"type":"Point","coordinates":[34.89,32.09]},"properties":{"p":200}},{"type":"Feature","geometry":{"type":"Point","coordinates":[34.86,32.33]},"properties":{"p":172}},{"type":"Feature","geometry":{"type":"Point","coordinates":[34.78,32.01]},"properties":{"p":166}},{"type":"Feature","geometry":{"type":"Point","coordinates":[34.99,32.82]},"properties":{"p":267}},{"type":"Feature","geometry":{"type":"Point","coordinates":[34.83,32.08]},"properties":{"p":154}},{"type":"Feature","geometry":{"type":"Point","coordinates":[34.79,31.25]},"properties":{"p":187}},{"type":"Feature","geometry":{"type":"Point","coordinates":[34.65,31.79]},"properties":{"p":225}},{"type":"Feature","geometry":{"type":"Point","coordinates":[35.22,31.78]},"properties":{"p":400}},{"type":"Feature","geometry":{"type":"Point","coordinates":[77.28,30.13]},"properties":{"p":209}},{"type":"Feature","geometry":{"type":"Point","coordinates":[79.58,18]},"properties":{"p":558}},{"type":"Feature","geometry":{"type":"Point","coordinates":[83.41,18.12]},"properties":{"p":179}},{"type":"Feature","geometry":{"type":"Point","coordinates":[83.2,17.68]},"properties":{"p":1063}},{"type":"Feature","geometry":{"type":"Point","coordinates":[72.81,19.46]},"properties":{"p":150}},{"type":"Feature","geometry":{"type":"Point","coordinates":[80.65,16.51]},"properties":{"p":875}},{"type":"Feature","geometry":{"type":"Point","coordinates":[70.37,20.91]},"properties":{"p":163}},{"type":"Feature","geometry":{"type":"Point","coordinates":[79.13,12.92]},"properties":{"p":177}},{"type":"Feature","geometry":{"type":"Point","coordinates":[83.01,25.32]},"properties":{"p":1164}},{"type":"Feature","geometry":{"type":"Point","coordinates":[73.21,22.3]},"properties":{"p":1409}},{"type":"Feature","geometry":{"type":"Point","coordinates":[80.49,26.55]},"properties":{"p":162}},{"type":"Feature","geometry":{"type":"Point","coordinates":[73.15,19.22]},"properties":{"p":517}},{"type":"Feature","geometry":{"type":"Point","coordinates":[75.78,23.18]},"properties":{"p":457}},{"type":"Feature","geometry":{"type":"Point","coordinates":[74.75,13.33]},"properties":{"p":165}},{"type":"Feature","geometry":{"type":"Point","coordinates":[73.71,24.59]},"properties":{"p":423}},{"type":"Feature","geometry":{"type":"Point","coordinates":[77.1,13.34]},"properties":{"p":307}},{"type":"Feature","geometry":{"type":"Point","coordinates":[76.95,8.49]},"properties":{"p":784}},{"type":"Feature","geometry":{"type":"Point","coordinates":[76.22,10.52]},"properties":{"p":325}},{"type":"Feature","geometry":{"type":"Point","coordinates":[75.79,26.17]},"properties":{"p":151}},{"type":"Feature","geometry":{"type":"Point","coordinates":[80.3,13.16]},"properties":{"p":248}},{"type":"Feature","geometry":{"type":"Point","coordinates":[77.35,11.12]},"properties":{"p":398}},{"type":"Feature","geometry":{"type":"Point","coordinates":[79.42,13.64]},"properties":{"p":251}},{"type":"Feature","geometry":{"type":"Point","coordinates":[77.68,8.73]},"properties":{"p":1436}},{"type":"Feature","geometry":{"type":"Point","coordinates":[78.7,10.82]},"properties":{"p":775}},{"type":"Feature","geometry":{"type":"Point","coordinates":[79.14,10.79]},"properties":{"p":220}},{"type":"Feature","geometry":{"type":"Point","coordinates":[72.96,19.2]},"properties":{"p":1262}},{"type":"Feature","geometry":{"type":"Point","coordinates":[77.48,10.01]},"properties":{"p":1035}},{"type":"Feature","geometry":{"type":"Point","coordinates":[80.13,12.92]},"properties":{"p":175}},{"type":"Feature","geometry":{"type":"Point","coordinates":[71.65,22.73]},"properties":{"p":180}},{"type":"Feature","geometry":{"type":"Point","coordinates":[72.83,21.2]},"properties":{"p":2895}},{"type":"Feature","geometry":{"type":"Point","coordinates":[74.47,27.7]},"properties":{"p":184}},{"type":"Feature","geometry":{"type":"Point","coordinates":[74.81,34.09]},"properties":{"p":976}},{"type":"Feature","geometry":{"type":"Point","coordinates":[77.02,28.99]},"properties":{"p":251}},{"type":"Feature","geometry":{"type":"Point","coordinates":[80.68,27.56]},"properties":{"p":164}},{"type":"Feature","geometry":{"type":"Point","coordinates":[75.03,29.53]},"properties":{"p":182}},{"type":"Feature","geometry":{"type":"Point","coordinates":[77.17,31.1]},"properties":{"p":174}},{"type":"Feature","geometry":{"type":"Point","coordinates":[92.8,24.83]},"properties":{"p":152}},{"type":"Feature","geometry":{"type":"Point","coordinates":[75.14,27.61]},"properties":{"p":200}},{"type":"Feature","geometry":{"type":"Point","coordinates":[88.37,22.83]},"properties":{"p":442}},{"type":"Feature","geometry":{"type":"Point","coordinates":[88.34,22.75]},"properties":{"p":226}},{"type":"Feature","geometry":{"type":"Point","coordinates":[75.91,17.67]},"properties":{"p":997}},{"type":"Feature","geometry":{"type":"Point","coordinates":[77.66,25.42]},"properties":{"p":164}},{"type":"Feature","geometry":{"type":"Point","coordinates":[75.57,13.93]},"properties":{"p":320}},{"type":"Feature","geometry":{"type":"Point","coordinates":[88.43,26.71]},"properties":{"p":516}},{"type":"Feature","geometry":{"type":"Point","coordinates":[79.91,27.88]},"properties":{"p":320}},{"type":"Feature","geometry":{"type":"Point","coordinates":[78.54,17.5]},"properties":{"p":204}},{"type":"Feature","geometry":{"type":"Point","coordinates":[80.83,24.58]},"properties":{"p":258}},{"type":"Feature","geometry":{"type":"Point","coordinates":[74.56,16.85]},"properties":{"p":601}},{"type":"Feature","geometry":{"type":"Point","coordinates":[78.57,28.58]},"properties":{"p":196}},{"type":"Feature","geometry":{"type":"Point","coordinates":[83.98,21.47]},"properties":{"p":163}},{"type":"Feature","geometry":{"type":"Point","coordinates":[78.16,11.65]},"properties":{"p":778}},{"type":"Feature","geometry":{"type":"Point","coordinates":[77.55,29.97]},"properties":{"p":485}},{"type":"Feature","geometry":{"type":"Point","coordinates":[78.74,23.84]},"properties":{"p":247}},{"type":"Feature","geometry":{"type":"Point","coordinates":[76.59,28.89]},"properties":{"p":317}},{"type":"Feature","geometry":{"type":"Point","coordinates":[81.29,24.53]},"properties":{"p":208}},{"type":"Feature","geometry":{"type":"Point","coordinates":[84.86,22.22]},"properties":{"p":536}},{"type":"Feature","geometry":{"type":"Point","coordinates":[75.04,23.33]},"properties":{"p":237}},{"type":"Feature","geometry":{"type":"Point","coordinates":[85.31,23.34]},"properties":{"p":846}},{"type":"Feature","geometry":{"type":"Point","coordinates":[79.03,28.81]},"properties":{"p":296}},{"type":"Feature","geometry":{"type":"Point","coordinates":[79.45,18.8]},"properties":{"p":452}},{"type":"Feature","geometry":{"type":"Point","coordinates":[81.03,21.1]},"properties":{"p":151}},{"type":"Feature","geometry":{"type":"Point","coordinates":[70.79,22.29]},"properties":{"p":1177}},{"type":"Feature","geometry":{"type":"Point","coordinates":[81.78,17.01]},"properties":{"p":305}},{"type":"Feature","geometry":{"type":"Point","coordinates":[81.63,21.23]},"properties":{"p":680}},{"type":"Feature","geometry":{"type":"Point","coordinates":[88.12,25.61]},"properties":{"p":170}},{"type":"Feature","geometry":{"type":"Point","coordinates":[77.36,16.21]},"properties":{"p":226}},{"type":"Feature","geometry":{"type":"Point","coordinates":[81.23,26.23]},"properties":{"p":186}},{"type":"Feature","geometry":{"type":"Point","coordinates":[76.58,8.88]},"properties":{"p":394}},{"type":"Feature","geometry":{"type":"Point","coordinates":[87.47,25.78]},"properties":{"p":198}},{"type":"Feature","geometry":{"type":"Point","coordinates":[85.82,19.8]},"properties":{"p":171}},{"type":"Feature","geometry":{"type":"Point","coordinates":[73.86,18.52]},"properties":{"p":2936}},{"type":"Feature","geometry":{"type":"Point","coordinates":[76.39,22.24]},"properties":{"p":350}},{"type":"Feature","geometry":{"type":"Point","coordinates":[78.55,14.75]},"properties":{"p":178}},{"type":"Feature","geometry":{"type":"Point","coordinates":[79.83,11.93]},"properties":{"p":227}},{"type":"Feature","geometry":{"type":"Point","coordinates":[73.81,18.62]},"properties":{"p":1285}},{"type":"Feature","geometry":{"type":"Point","coordinates":[85.14,25.59]},"properties":{"p":1600}},{"type":"Feature","geometry":{"type":"Point","coordinates":[76.39,30.34]},"properties":{"p":329}},{"type":"Feature","geometry":{"type":"Point","coordinates":[75.65,32.27]},"properties":{"p":174}},{"type":"Feature","geometry":{"type":"Point","coordinates":[76.77,19.27]},"properties":{"p":290}},{"type":"Feature","geometry":{"type":"Point","coordinates":[76.97,29.39]},"properties":{"p":293}},{"type":"Feature","geometry":{"type":"Point","coordinates":[88.37,22.69]},"properties":{"p":379}},{"type":"Feature","geometry":{"type":"Point","coordinates":[80.15,12.97]},"properties":{"p":157}},{"type":"Feature","geometry":{"type":"Point","coordinates":[73.32,25.77]},"properties":{"p":210}},{"type":"Feature","geometry":{"type":"Point","coordinates":[79.45,25.99]},"properties":{"p":158}},{"type":"Feature","geometry":{"type":"Point","coordinates":[80.04,15.5]},"properties":{"p":173}},{"type":"Feature","geometry":{"type":"Point","coordinates":[82.55,19.23]},"properties":{"p":1221}},{"type":"Feature","geometry":{"type":"Point","coordinates":[78.1,18.67]},"properties":{"p":305}},{"type":"Feature","geometry":{"type":"Point","coordinates":[77.22,28.64]},"properties":{"p":318}},{"type":"Feature","geometry":{"type":"Point","coordinates":[79.99,14.45]},"properties":{"p":404}},{"type":"Feature","geometry":{"type":"Point","coordinates":[72.92,20.94]},"properties":{"p":171}},{"type":"Feature","geometry":{"type":"Point","coordinates":[73.79,20]},"properties":{"p":1289}},{"type":"Feature","geometry":{"type":"Point","coordinates":[77.09,28.85]},"properties":{"p":800}},{"type":"Feature","geometry":{"type":"Point","coordinates":[77.07,28.68]},"properties":{"p":194}},{"type":"Feature","geometry":{"type":"Point","coordinates":[78.48,15.48]},"properties":{"p":165}},{"type":"Feature","geometry":{"type":"Point","coordinates":[77.31,19.16]},"properties":{"p":551}},{"type":"Feature","geometry":{"type":"Point","coordinates":[76.98,28.61]},"properties":{"p":1365}},{"type":"Feature","geometry":{"type":"Point","coordinates":[88.42,22.89]},"properties":{"p":253}},{"type":"Feature","geometry":{"type":"Point","coordinates":[79.08,21.15]},"properties":{"p":2228}},{"type":"Feature","geometry":{"type":"Point","coordinates":[77.43,8.18]},"properties":{"p":214}},{"type":"Feature","geometry":{"type":"Point","coordinates":[72.86,22.69]},"properties":{"p":202}},{"type":"Feature","geometry":{"type":"Point","coordinates":[76.64,12.3]},"properties":{"p":868}},{"type":"Feature","geometry":{"type":"Point","coordinates":[85.39,26.12]},"properties":{"p":333}},{"type":"Feature","geometry":{"type":"Point","coordinates":[77.7,29.47]},"properties":{"p":350}},{"type":"Feature","geometry":{"type":"Point","coordinates":[80.39,23.84]},"properties":{"p":196}},{"type":"Feature","geometry":{"type":"Point","coordinates":[86.47,25.37]},"properties":{"p":203}},{"type":"Feature","geometry":{"type":"Point","coordinates":[78,26.5]},"properties":{"p":152}},{"type":"Feature","geometry":{"type":"Point","coordinates":[78.78,28.84]},"properties":{"p":721}},{"type":"Feature","geometry":{"type":"Point","coordinates":[82.57,25.14]},"properties":{"p":220}},{"type":"Feature","geometry":{"type":"Point","coordinates":[77.71,28.98]},"properties":{"p":1223}},{"type":"Feature","geometry":{"type":"Point","coordinates":[87.32,22.42]},"properties":{"p":153}},{"type":"Feature","geometry":{"type":"Point","coordinates":[83.56,25.94]},"properties":{"p":246}},{"type":"Feature","geometry":{"type":"Point","coordinates":[77.67,27.5]},"properties":{"p":331}},{"type":"Feature","geometry":{"type":"Point","coordinates":[74.86,12.92]},"properties":{"p":417}},{"type":"Feature","geometry":{"type":"Point","coordinates":[74.53,20.55]},"properties":{"p":435}},{"type":"Feature","geometry":{"type":"Point","coordinates":[78.12,9.92]},"properties":{"p":910}},{"type":"Feature","geometry":{"type":"Point","coordinates":[80.28,13.09]},"properties":{"p":4328}},{"type":"Feature","geometry":{"type":"Point","coordinates":[88.45,22.69]},"properties":{"p":161}},{"type":"Feature","geometry":{"type":"Point","coordinates":[81.14,16.19]},"properties":{"p":193}},{"type":"Feature","geometry":{"type":"Point","coordinates":[75.85,30.91]},"properties":{"p":1545}},{"type":"Feature","geometry":{"type":"Point","coordinates":[80.92,26.84]},"properties":{"p":2472}},{"type":"Feature","geometry":{"type":"Point","coordinates":[77.29,28.75]},"properties":{"p":165}},{"type":"Feature","geometry":{"type":"Point","coordinates":[76.57,18.4]},"properties":{"p":349}},{"type":"Feature","geometry":{"type":"Point","coordinates":[78.04,15.83]},"properties":{"p":460}},{"type":"Feature","geometry":{"type":"Point","coordinates":[86.84,23.73]},"properties":{"p":305}},{"type":"Feature","geometry":{"type":"Point","coordinates":[78.41,17.48]},"properties":{"p":342}},{"type":"Feature","geometry":{"type":"Point","coordinates":[75.78,11.25]},"properties":{"p":440}},{"type":"Feature","geometry":{"type":"Point","coordinates":[75.84,25.18]},"properties":{"p":763}},{"type":"Feature","geometry":{"type":"Point","coordinates":[82.7,22.35]},"properties":{"p":419}},{"type":"Feature","geometry":{"type":"Point","coordinates":[74.23,16.7]},"properties":{"p":516}},{"type":"Feature","geometry":{"type":"Point","coordinates":[87.33,22.34]},"properties":{"p":220}},{"type":"Feature","geometry":{"type":"Point","coordinates":[76.35,21.82]},"properties":{"p":183}},{"type":"Feature","geometry":{"type":"Point","coordinates":[80.14,17.25]},"properties":{"p":171}},{"type":"Feature","geometry":{"type":"Point","coordinates":[87.57,25.54]},"properties":{"p":193}},{"type":"Feature","geometry":{"type":"Point","coordinates":[77.19,28.65]},"properties":{"p":505}},{"type":"Feature","geometry":{"type":"Point","coordinates":[76.98,29.69]},"properties":{"p":225}},{"type":"Feature","geometry":{"type":"Point","coordinates":[79.13,18.44]},"properties":{"p":229}},{"type":"Feature","geometry":{"type":"Point","coordinates":[80.35,26.47]},"properties":{"p":2823}},{"type":"Feature","geometry":{"type":"Point","coordinates":[79.7,12.84]},"properties":{"p":155}},{"type":"Feature","geometry":{"type":"Point","coordinates":[88.37,22.67]},"properties":{"p":333}},{"type":"Feature","geometry":{"type":"Point","coordinates":[73.14,19.24]},"properties":{"p":1262}},{"type":"Feature","geometry":{"type":"Point","coordinates":[82.24,16.96]},"properties":{"p":293}},{"type":"Feature","geometry":{"type":"Point","coordinates":[70.46,21.52]},"properties":{"p":184}},{"type":"Feature","geometry":{"type":"Point","coordinates":[75.58,31.33]},"properties":{"p":785}},{"type":"Feature","geometry":{"type":"Point","coordinates":[73.01,26.27]},"properties":{"p":921}},{"type":"Feature","geometry":{"type":"Point","coordinates":[76.32,29.32]},"properties":{"p":161}},{"type":"Feature","geometry":{"type":"Point","coordinates":[78.58,25.46]},"properties":{"p":413}},{"type":"Feature","geometry":{"type":"Point","coordinates":[82.69,25.75]},"properties":{"p":170}},{"type":"Feature","geometry":{"type":"Point","coordinates":[87.08,23.7]},"properties":{"p":160}},{"type":"Feature","geometry":{"type":"Point","coordinates":[86.19,22.8]},"properties":{"p":616}},{"type":"Feature","geometry":{"type":"Point","coordinates":[70.07,22.47]},"properties":{"p":492}},{"type":"Feature","geometry":{"type":"Point","coordinates":[74.87,32.74]},"properties":{"p":466}},{"type":"Feature","geometry":{"type":"Point","coordinates":[75.89,19.84]},"properties":{"p":262}},{"type":"Feature","geometry":{"type":"Point","coordinates":[75.57,21]},"properties":{"p":429}},{"type":"Feature","geometry":{"type":"Point","coordinates":[75.79,26.92]},"properties":{"p":2712}},{"type":"Feature","geometry":{"type":"Point","coordinates":[79.95,23.17]},"properties":{"p":1030}},{"type":"Feature","geometry":{"type":"Point","coordinates":[88.15,25]},"properties":{"p":170}},{"type":"Feature","geometry":{"type":"Point","coordinates":[75.83,22.72]},"properties":{"p":1837}},{"type":"Feature","geometry":{"type":"Point","coordinates":[93.94,24.81]},"properties":{"p":224}},{"type":"Feature","geometry":{"type":"Point","coordinates":[74.46,16.69]},"properties":{"p":274}},{"type":"Feature","geometry":{"type":"Point","coordinates":[78.46,17.38]},"properties":{"p":3598}},{"type":"Feature","geometry":{"type":"Point","coordinates":[88.4,22.91]},"properties":{"p":177}},{"type":"Feature","geometry":{"type":"Point","coordinates":[75.13,15.35]},"properties":{"p":840}},{"type":"Feature","geometry":{"type":"Point","coordinates":[76.39,15.27]},"properties":{"p":198}},{"type":"Feature","geometry":{"type":"Point","coordinates":[75.91,31.54]},"properties":{"p":158}},{"type":"Feature","geometry":{"type":"Point","coordinates":[75.72,29.15]},"properties":{"p":296}},{"type":"Feature","geometry":{"type":"Point","coordinates":[78.16,29.95]},"properties":{"p":186}},{"type":"Feature","geometry":{"type":"Point","coordinates":[77.78,28.73]},"properties":{"p":243}},{"type":"Feature","geometry":{"type":"Point","coordinates":[88.32,22.58]},"properties":{"p":1028}},{"type":"Feature","geometry":{"type":"Point","coordinates":[74.33,29.58]},"properties":{"p":156}},{"type":"Feature","geometry":{"type":"Point","coordinates":[78.17,26.23]},"properties":{"p":882}},{"type":"Feature","geometry":{"type":"Point","coordinates":[77.03,28.46]},"properties":{"p":197}},{"type":"Feature","geometry":{"type":"Point","coordinates":[80.46,16.3]},"properties":{"p":531}},{"type":"Feature","geometry":{"type":"Point","coordinates":[77.31,24.65]},"properties":{"p":154}},{"type":"Feature","geometry":{"type":"Point","coordinates":[76.84,17.34]},"properties":{"p":484}},{"type":"Feature","geometry":{"type":"Point","coordinates":[88.8,22.17]},"properties":{"p":223}},{"type":"Feature","geometry":{"type":"Point","coordinates":[75.67,29.45]},"properties":{"p":1325}},{"type":"Feature","geometry":{"type":"Point","coordinates":[83.37,26.77]},"properties":{"p":674}},{"type":"Feature","geometry":{"type":"Point","coordinates":[77.44,28.67]},"properties":{"p":1199}},{"type":"Feature","geometry":{"type":"Point","coordinates":[85,24.8]},"properties":{"p":424}},{"type":"Feature","geometry":{"type":"Point","coordinates":[91.75,26.18]},"properties":{"p":899}},{"type":"Feature","geometry":{"type":"Point","coordinates":[73.87,29.92]},"properties":{"p":232}},{"type":"Feature","geometry":{"type":"Point","coordinates":[72.68,23.22]},"properties":{"p":196}},{"type":"Feature","geometry":{"type":"Point","coordinates":[70.13,23.08]},"properties":{"p":166}},{"type":"Feature","geometry":{"type":"Point","coordinates":[75.63,15.43]},"properties":{"p":163}},{"type":"Feature","geometry":{"type":"Point","coordinates":[78.4,27.15]},"properties":{"p":306}},{"type":"Feature","geometry":{"type":"Point","coordinates":[80.81,25.93]},"properties":{"p":166}},{"type":"Feature","geometry":{"type":"Point","coordinates":[79.58,27.39]},"properties":{"p":241}},{"type":"Feature","geometry":{"type":"Point","coordinates":[77.31,28.41]},"properties":{"p":1220}},{"type":"Feature","geometry":{"type":"Point","coordinates":[82.15,26.78]},"properties":{"p":153}},{"type":"Feature","geometry":{"type":"Point","coordinates":[79.02,26.78]},"properties":{"p":257}},{"type":"Feature","geometry":{"type":"Point","coordinates":[81.1,16.71]},"properties":{"p":183}},{"type":"Feature","geometry":{"type":"Point","coordinates":[87.31,23.52]},"properties":{"p":519}},{"type":"Feature","geometry":{"type":"Point","coordinates":[81.28,21.19]},"properties":{"p":255}},{"type":"Feature","geometry":{"type":"Point","coordinates":[73.08,19.22]},"properties":{"p":1193}},{"type":"Feature","geometry":{"type":"Point","coordinates":[77.98,10.37]},"properties":{"p":201}},{"type":"Feature","geometry":{"type":"Point","coordinates":[74.78,20.9]},"properties":{"p":367}},{"type":"Feature","geometry":{"type":"Point","coordinates":[86.44,23.8]},"properties":{"p":220}},{"type":"Feature","geometry":{"type":"Point","coordinates":[76.06,22.97]},"properties":{"p":261}},{"type":"Feature","geometry":{"type":"Point","coordinates":[77.23,28.65]},"properties":{"p":10928}},{"type":"Feature","geometry":{"type":"Point","coordinates":[78.03,30.32]},"properties":{"p":522}},{"type":"Feature","geometry":{"type":"Point","coordinates":[75.93,14.47]},"properties":{"p":435}},{"type":"Feature","geometry":{"type":"Point","coordinates":[85.9,26.15]},"properties":{"p":287}},{"type":"Feature","geometry":{"type":"Point","coordinates":[85.05,25.64]},"properties":{"p":153}},{"type":"Feature","geometry":{"type":"Point","coordinates":[85.88,20.46]},"properties":{"p":580}},{"type":"Feature","geometry":{"type":"Point","coordinates":[79.77,11.76]},"properties":{"p":159}},{"type":"Feature","geometry":{"type":"Point","coordinates":[76.97,11.01]},"properties":{"p":960}},{"type":"Feature","geometry":{"type":"Point","coordinates":[76.26,9.94]},"properties":{"p":605}},{"type":"Feature","geometry":{"type":"Point","coordinates":[84.75,25.78]},"properties":{"p":202}},{"type":"Feature","geometry":{"type":"Point","coordinates":[79.3,19.95]},"properties":{"p":328}},{"type":"Feature","geometry":{"type":"Point","coordinates":[76.79,30.74]},"properties":{"p":961}},{"type":"Feature","geometry":{"type":"Point","coordinates":[88.37,22.86]},"properties":{"p":181}},{"type":"Feature","geometry":{"type":"Point","coordinates":[88.36,22.56]},"properties":{"p":4631}},{"type":"Feature","geometry":{"type":"Point","coordinates":[76.23,21.31]},"properties":{"p":203}},{"type":"Feature","geometry":{"type":"Point","coordinates":[77.86,28.4]},"properties":{"p":199}},{"type":"Feature","geometry":{"type":"Point","coordinates":[79.13,28.04]},"properties":{"p":162}},{"type":"Feature","geometry":{"type":"Point","coordinates":[84.79,19.31]},"properties":{"p":325}},{"type":"Feature","geometry":{"type":"Point","coordinates":[72.86,19.23]},"properties":{"p":610}},{"type":"Feature","geometry":{"type":"Point","coordinates":[72.88,19.07]},"properties":{"p":12692}},{"type":"Feature","geometry":{"type":"Point","coordinates":[85.96,23.79]},"properties":{"p":419}},{"type":"Feature","geometry":{"type":"Point","coordinates":[72.96,20.77]},"properties":{"p":511}},{"type":"Feature","geometry":{"type":"Point","coordinates":[82.16,22.08]},"properties":{"p":283}},{"type":"Feature","geometry":{"type":"Point","coordinates":[73.31,28.02]},"properties":{"p":576}},{"type":"Feature","geometry":{"type":"Point","coordinates":[75.72,16.82]},"properties":{"p":271}},{"type":"Feature","geometry":{"type":"Point","coordinates":[85.52,25.2]},"properties":{"p":244}},{"type":"Feature","geometry":{"type":"Point","coordinates":[77.52,17.91]},"properties":{"p":204}},{"type":"Feature","geometry":{"type":"Point","coordinates":[75.79,21.04]},"properties":{"p":183}},{"type":"Feature","geometry":{"type":"Point","coordinates":[85.83,20.27]},"properties":{"p":762}},{"type":"Feature","geometry":{"type":"Point","coordinates":[77.4,23.25]},"properties":{"p":1600}},{"type":"Feature","geometry":{"type":"Point","coordinates":[76.14,28.79]},"properties":{"p":191}},{"type":"Feature","geometry":{"type":"Point","coordinates":[73.06,19.3]},"properties":{"p":707}},{"type":"Feature","geometry":{"type":"Point","coordinates":[78.79,26.57]},"properties":{"p":174}},{"type":"Feature","geometry":{"type":"Point","coordinates":[74.64,25.35]},"properties":{"p":326}},{"type":"Feature","geometry":{"type":"Point","coordinates":[81.43,21.21]},"properties":{"p":625}},{"type":"Feature","geometry":{"type":"Point","coordinates":[72.85,19.3]},"properties":{"p":520}},{"type":"Feature","geometry":{"type":"Point","coordinates":[72.15,21.76]},"properties":{"p":555}},{"type":"Feature","geometry":{"type":"Point","coordinates":[88.4,22.87]},"properties":{"p":483}},{"type":"Feature","geometry":{"type":"Point","coordinates":[74.94,30.21]},"properties":{"p":243}},{"type":"Feature","geometry":{"type":"Point","coordinates":[72.98,21.69]},"properties":{"p":154}},{"type":"Feature","geometry":{"type":"Point","coordinates":[77.49,27.22]},"properties":{"p":229}},{"type":"Feature","geometry":{"type":"Point","coordinates":[86.97,25.24]},"properties":{"p":362}},{"type":"Feature","geometry":{"type":"Point","coordinates":[75.71,13.85]},"properties":{"p":164}},{"type":"Feature","geometry":{"type":"Point","coordinates":[76.92,15.14]},"properties":{"p":337}},{"type":"Feature","geometry":{"type":"Point","coordinates":[74.5,15.85]},"properties":{"p":429}},{"type":"Feature","geometry":{"type":"Point","coordinates":[79.43,28.37]},"properties":{"p":745}},{"type":"Feature","geometry":{"type":"Point","coordinates":[87.86,23.26]},"properties":{"p":302}},{"type":"Feature","geometry":{"type":"Point","coordinates":[88.48,22.72]},"properties":{"p":298}},{"type":"Feature","geometry":{"type":"Point","coordinates":[88.45,22.23]},"properties":{"p":238}},{"type":"Feature","geometry":{"type":"Point","coordinates":[88.38,22.64]},"properties":{"p":260}},{"type":"Feature","geometry":{"type":"Point","coordinates":[77.59,12.97]},"properties":{"p":5104}},{"type":"Feature","geometry":{"type":"Point","coordinates":[80.33,25.48]},"properties":{"p":152}},{"type":"Feature","geometry":{"type":"Point","coordinates":[88.34,22.65]},"properties":{"p":297}},{"type":"Feature","geometry":{"type":"Point","coordinates":[81.59,27.57]},"properties":{"p":182}},{"type":"Feature","geometry":{"type":"Point","coordinates":[88.25,24.1]},"properties":{"p":181}},{"type":"Feature","geometry":{"type":"Point","coordinates":[76.94,28.69]},"properties":{"p":154}},{"type":"Feature","geometry":{"type":"Point","coordinates":[80.11,13.11]},"properties":{"p":250}},{"type":"Feature","geometry":{"type":"Point","coordinates":[75.34,19.88]},"properties":{"p":1016}},{"type":"Feature","geometry":{"type":"Point","coordinates":[86.98,23.68]},"properties":{"p":504}},{"type":"Feature","geometry":{"type":"Point","coordinates":[84.66,25.56]},"properties":{"p":224}},{"type":"Feature","geometry":{"type":"Point","coordinates":[77.61,14.68]},"properties":{"p":240}},{"type":"Feature","geometry":{"type":"Point","coordinates":[78.47,28.9]},"properties":{"p":176}},{"type":"Feature","geometry":{"type":"Point","coordinates":[74.88,31.62]},"properties":{"p":1092}},{"type":"Feature","geometry":{"type":"Point","coordinates":[77.75,20.93]},"properties":{"p":604}},{"type":"Feature","geometry":{"type":"Point","coordinates":[80.16,13.1]},"properties":{"p":341}},{"type":"Feature","geometry":{"type":"Point","coordinates":[73.17,19.2]},"properties":{"p":218}},{"type":"Feature","geometry":{"type":"Point","coordinates":[76.63,27.56]},"properties":{"p":283}},{"type":"Feature","geometry":{"type":"Point","coordinates":[76.33,9.49]},"properties":{"p":177}},{"type":"Feature","geometry":{"type":"Point","coordinates":[81.84,25.44]},"properties":{"p":1073}},{"type":"Feature","geometry":{"type":"Point","coordinates":[78.07,27.88]},"properties":{"p":753}},{"type":"Feature","geometry":{"type":"Point","coordinates":[80.21,13]},"properties":{"p":154}},{"type":"Feature","geometry":{"type":"Point","coordinates":[77,20.71]},"properties":{"p":429}},{"type":"Feature","geometry":{"type":"Point","coordinates":[74.64,26.45]},"properties":{"p":518}},{"type":"Feature","geometry":{"type":"Point","coordinates":[92.72,23.73]},"properties":{"p":265}},{"type":"Feature","geometry":{"type":"Point","coordinates":[74.74,19.09]},"properties":{"p":367}},{"type":"Feature","geometry":{"type":"Point","coordinates":[72.59,23.03]},"properties":{"p":3720}},{"type":"Feature","geometry":{"type":"Point","coordinates":[78.02,27.18]},"properties":{"p":1430}},{"type":"Feature","geometry":{"type":"Point","coordinates":[91.28,23.84]},"properties":{"p":203}},{"type":"Feature","geometry":{"type":"Point","coordinates":[77.27,15.63]},"properties":{"p":164}},{"type":"Feature","geometry":{"type":"Point","coordinates":[88.11,22.06]},"properties":{"p":171}},{"type":"Feature","geometry":{"type":"Point","coordinates":[88.22,22.51]},"properties":{"p":441}},{"type":"Feature","geometry":{"type":"Point","coordinates":[73.02,19.04]},"properties":{"p":2600}},{"type":"Feature","geometry":{"type":"Point","coordinates":[76.85,30.69]},"properties":{"p":200}},{"type":"Feature","geometry":{"type":"Point","coordinates":[73.85,18.53]},"properties":{"p":1000}},{"type":"Feature","geometry":{"type":"Point","coordinates":[77.54,28.5]},"properties":{"p":294}},{"type":"Feature","geometry":{"type":"Point","coordinates":[77.33,28.58]},"properties":{"p":294}},{"type":"Feature","geometry":{"type":"Point","coordinates":[82.68,24.2]},"properties":{"p":186}},{"type":"Feature","geometry":{"type":"Point","coordinates":[89.38,26.85]},"properties":{"p":159}},{"type":"Feature","geometry":{"type":"Point","coordinates":[78.56,17.35]},"properties":{"p":262}},{"type":"Feature","geometry":{"type":"Point","coordinates":[78.53,17.45]},"properties":{"p":150}},{"type":"Feature","geometry":{"type":"Point","coordinates":[83.22,17.7]},"properties":{"p":259}},{"type":"Feature","geometry":{"type":"Point","coordinates":[78.46,17.5]},"properties":{"p":226}},{"type":"Feature","geometry":{"type":"Point","coordinates":[78.3,17.49]},"properties":{"p":151}},{"type":"Feature","geometry":{"type":"Point","coordinates":[79.47,18.76]},"properties":{"p":235}},{"type":"Feature","geometry":{"type":"Point","coordinates":[78.13,8.77]},"properties":{"p":411}},{"type":"Feature","geometry":{"type":"Point","coordinates":[75.62,15.42]},"properties":{"p":173}},{"type":"Feature","geometry":{"type":"Point","coordinates":[88.4,21.9]},"properties":{"p":188}},{"type":"Feature","geometry":{"type":"Point","coordinates":[77.07,28.74]},"properties":{"p":860}},{"type":"Feature","geometry":{"type":"Point","coordinates":[43.89,34.2]},"properties":{"p":159}},{"type":"Feature","geometry":{"type":"Point","coordinates":[44.39,35.47]},"properties":{"p":601}},{"type":"Feature","geometry":{"type":"Point","coordinates":[44.02,32.62]},"properties":{"p":434}},{"type":"Feature","geometry":{"type":"Point","coordinates":[44.01,36.18]},"properties":{"p":933}},{"type":"Feature","geometry":{"type":"Point","coordinates":[42.99,36.87]},"properties":{"p":284}},{"type":"Feature","geometry":{"type":"Point","coordinates":[44.61,33.75]},"properties":{"p":153}},{"type":"Feature","geometry":{"type":"Point","coordinates":[44.4,33.34]},"properties":{"p":7216}},{"type":"Feature","geometry":{"type":"Point","coordinates":[45.43,35.56]},"properties":{"p":723}},{"type":"Feature","geometry":{"type":"Point","coordinates":[45.29,31.33]},"properties":{"p":153}},{"type":"Feature","geometry":{"type":"Point","coordinates":[43.31,33.42]},"properties":{"p":275}},{"type":"Feature","geometry":{"type":"Point","coordinates":[46.26,31.06]},"properties":{"p":400}},{"type":"Feature","geometry":{"type":"Point","coordinates":[44.35,32.03]},"properties":{"p":483}},{"type":"Feature","geometry":{"type":"Point","coordinates":[43.11,36.33]},"properties":{"p":2066}},{"type":"Feature","geometry":{"type":"Point","coordinates":[43.12,36.34]},"properties":{"p":1740}},{"type":"Feature","geometry":{"type":"Point","coordinates":[45.82,32.51]},"properties":{"p":315}},{"type":"Feature","geometry":{"type":"Point","coordinates":[44.42,32.46]},"properties":{"p":290}},{"type":"Feature","geometry":{"type":"Point","coordinates":[43.79,33.35]},"properties":{"p":190}},{"type":"Feature","geometry":{"type":"Point","coordinates":[47.78,30.51]},"properties":{"p":2600}},{"type":"Feature","geometry":{"type":"Point","coordinates":[47.14,31.84]},"properties":{"p":323}},{"type":"Feature","geometry":{"type":"Point","coordinates":[44.93,31.99]},"properties":{"p":319}},{"type":"Feature","geometry":{"type":"Point","coordinates":[44.18,33.31]},"properties":{"p":900}},{"type":"Feature","geometry":{"type":"Point","coordinates":[47.82,30.5]},"properties":{"p":2015}},{"type":"Feature","geometry":{"type":"Point","coordinates":[48.57,34.79]},"properties":{"p":514}},{"type":"Feature","geometry":{"type":"Point","coordinates":[47.06,34.38]},"properties":{"p":767}},{"type":"Feature","geometry":{"type":"Point","coordinates":[51.58,35.43]},"properties":{"p":252}},{"type":"Feature","geometry":{"type":"Point","coordinates":[48.5,36.68]},"properties":{"p":357}},{"type":"Feature","geometry":{"type":"Point","coordinates":[54.37,31.9]},"properties":{"p":478}},{"type":"Feature","geometry":{"type":"Point","coordinates":[51.65,35.32]},"properties":{"p":180}},{"type":"Feature","geometry":{"type":"Point","coordinates":[51.42,35.69]},"properties":{"p":7153}},{"type":"Feature","geometry":{"type":"Point","coordinates":[46.29,38.08]},"properties":{"p":1425}},{"type":"Feature","geometry":{"type":"Point","coordinates":[55.68,29.45]},"properties":{"p":208}},{"type":"Feature","geometry":{"type":"Point","coordinates":[52.53,29.61]},"properties":{"p":1250}},{"type":"Feature","geometry":{"type":"Point","coordinates":[50.36,35.02]},"properties":{"p":176}},{"type":"Feature","geometry":{"type":"Point","coordinates":[53.06,36.56]},"properties":{"p":255}},{"type":"Feature","geometry":{"type":"Point","coordinates":[46.27,36.25]},"properties":{"p":151}},{"type":"Feature","geometry":{"type":"Point","coordinates":[47,35.31]},"properties":{"p":349}},{"type":"Feature","geometry":{"type":"Point","coordinates":[57.68,36.21]},"properties":{"p":226}},{"type":"Feature","geometry":{"type":"Point","coordinates":[49.59,37.28]},"properties":{"p":595}},{"type":"Feature","geometry":{"type":"Point","coordinates":[50.88,34.64]},"properties":{"p":900}},{"type":"Feature","geometry":{"type":"Point","coordinates":[50,36.27]},"properties":{"p":334}},{"type":"Feature","geometry":{"type":"Point","coordinates":[45.08,37.55]},"properties":{"p":577}},{"type":"Feature","geometry":{"type":"Point","coordinates":[58.8,36.21]},"properties":{"p":221}},{"type":"Feature","geometry":{"type":"Point","coordinates":[50.61,35.95]},"properties":{"p":213}},{"type":"Feature","geometry":{"type":"Point","coordinates":[59.57,36.32]},"properties":{"p":2307}},{"type":"Feature","geometry":{"type":"Point","coordinates":[48.82,34.3]},"properties":{"p":177}},{"type":"Feature","geometry":{"type":"Point","coordinates":[45.72,36.76]},"properties":{"p":162}},{"type":"Feature","geometry":{"type":"Point","coordinates":[44.95,38.55]},"properties":{"p":175}},{"type":"Feature","geometry":{"type":"Point","coordinates":[48.18,30.44]},"properties":{"p":331}},{"type":"Feature","geometry":{"type":"Point","coordinates":[48.36,33.49]},"properties":{"p":330}},{"type":"Feature","geometry":{"type":"Point","coordinates":[47.07,34.31]},"properties":{"p":621}},{"type":"Feature","geometry":{"type":"Point","coordinates":[57.08,30.28]},"properties":{"p":578}},{"type":"Feature","geometry":{"type":"Point","coordinates":[50.99,35.83]},"properties":{"p":1448}},{"type":"Feature","geometry":{"type":"Point","coordinates":[48.51,34.8]},"properties":{"p":528}},{"type":"Feature","geometry":{"type":"Point","coordinates":[54.44,36.84]},"properties":{"p":245}},{"type":"Feature","geometry":{"type":"Point","coordinates":[50.84,28.97]},"properties":{"p":165}},{"type":"Feature","geometry":{"type":"Point","coordinates":[46.21,36.52]},"properties":{"p":213}},{"type":"Feature","geometry":{"type":"Point","coordinates":[48.75,33.9]},"properties":{"p":252}},{"type":"Feature","geometry":{"type":"Point","coordinates":[57.33,37.47]},"properties":{"p":192}},{"type":"Feature","geometry":{"type":"Point","coordinates":[59.22,32.87]},"properties":{"p":197}},{"type":"Feature","geometry":{"type":"Point","coordinates":[56.28,27.19]},"properties":{"p":352}},{"type":"Feature","geometry":{"type":"Point","coordinates":[52.68,36.55]},"properties":{"p":203}},{"type":"Feature","geometry":{"type":"Point","coordinates":[48.29,38.25]},"properties":{"p":411}},{"type":"Feature","geometry":{"type":"Point","coordinates":[49.7,34.09]},"properties":{"p":504}},{"type":"Feature","geometry":{"type":"Point","coordinates":[52.35,36.47]},"properties":{"p":199}},{"type":"Feature","geometry":{"type":"Point","coordinates":[48.68,31.32]},"properties":{"p":841}},{"type":"Feature","geometry":{"type":"Point","coordinates":[48.3,30.34]},"properties":{"p":370}},{"type":"Feature","geometry":{"type":"Point","coordinates":[51.37,32.63]},"properties":{"p":223}},{"type":"Feature","geometry":{"type":"Point","coordinates":[51.54,32.69]},"properties":{"p":277}},{"type":"Feature","geometry":{"type":"Point","coordinates":[51.67,32.65]},"properties":{"p":1547}},{"type":"Feature","geometry":{"type":"Point","coordinates":[60.86,29.5]},"properties":{"p":552}},{"type":"Feature","geometry":{"type":"Point","coordinates":[48.47,34.78]},"properties":{"p":788}},{"type":"Feature","geometry":{"type":"Point","coordinates":[15.66,38.11]},"properties":{"p":169}},{"type":"Feature","geometry":{"type":"Point","coordinates":[13.34,38.13]},"properties":{"p":648}},{"type":"Feature","geometry":{"type":"Point","coordinates":[15.55,38.19]},"properties":{"p":220}},{"type":"Feature","geometry":{"type":"Point","coordinates":[15.07,37.49]},"properties":{"p":291}},{"type":"Feature","geometry":{"type":"Point","coordinates":[10.98,45.43]},"properties":{"p":219}},{"type":"Feature","geometry":{"type":"Point","coordinates":[13.78,45.65]},"properties":{"p":187}},{"type":"Feature","geometry":{"type":"Point","coordinates":[7.69,45.07]},"properties":{"p":870}},{"type":"Feature","geometry":{"type":"Point","coordinates":[17.25,40.46]},"properties":{"p":181}},{"type":"Feature","geometry":{"type":"Point","coordinates":[12.51,41.89]},"properties":{"p":2319}},{"type":"Feature","geometry":{"type":"Point","coordinates":[11.1,43.88]},"properties":{"p":182}},{"type":"Feature","geometry":{"type":"Point","coordinates":[11.89,45.41]},"properties":{"p":204}},{"type":"Feature","geometry":{"type":"Point","coordinates":[14.27,40.85]},"properties":{"p":959}},{"type":"Feature","geometry":{"type":"Point","coordinates":[10.93,44.65]},"properties":{"p":159}},{"type":"Feature","geometry":{"type":"Point","coordinates":[9.19,45.46]},"properties":{"p":1237}},{"type":"Feature","geometry":{"type":"Point","coordinates":[10.33,43.54]},"properties":{"p":154}},{"type":"Feature","geometry":{"type":"Point","coordinates":[8.94,44.4]},"properties":{"p":580}},{"type":"Feature","geometry":{"type":"Point","coordinates":[11.25,43.78]},"properties":{"p":349}},{"type":"Feature","geometry":{"type":"Point","coordinates":[10.21,45.54]},"properties":{"p":185}},{"type":"Feature","geometry":{"type":"Point","coordinates":[11.34,44.49]},"properties":{"p":366}},{"type":"Feature","geometry":{"type":"Point","coordinates":[16.87,41.12]},"properties":{"p":277}},{"type":"Feature","geometry":{"type":"Point","coordinates":[-76.78,18.01]},"properties":{"p":584}},{"type":"Feature","geometry":{"type":"Point","coordinates":[-76.79,18]},"properties":{"p":938}},{"type":"Feature","geometry":{"type":"Point","coordinates":[35.82,31.95]},"properties":{"p":181}},{"type":"Feature","geometry":{"type":"Point","coordinates":[35.85,32.56]},"properties":{"p":307}},{"type":"Feature","geometry":{"type":"Point","coordinates":[36.09,32.07]},"properties":{"p":793}},{"type":"Feature","geometry":{"type":"Point","coordinates":[35.95,31.96]},"properties":{"p":1276}},{"type":"Feature","geometry":{"type":"Point","coordinates":[36.05,32.02]},"properties":{"p":268}},{"type":"Feature","geometry":{"type":"Point","coordinates":[139.37,35.44]},"properties":{"p":229}},{"type":"Feature","geometry":{"type":"Point","coordinates":[135.01,34.66]},"properties":{"p":297}},{"type":"Feature","geometry":{"type":"Point","coordinates":[139.63,35.88]},"properties":{"p":1078}},{"type":"Feature","geometry":{"type":"Point","coordinates":[139.67,35.28]},"properties":{"p":429}},{"type":"Feature","geometry":{"type":"Point","coordinates":[139.65,35.43]},"properties":{"p":3574}},{"type":"Feature","geometry":{"type":"Point","coordinates":[136.62,34.97]},"properties":{"p":296}},{"type":"Feature","geometry":{"type":"Point","coordinates":[135.6,34.62]},"properties":{"p":273}},{"type":"Feature","geometry":{"type":"Point","coordinates":[139.88,36.57]},"properties":{"p":450}},{"type":"Feature","geometry":{"type":"Point","coordinates":[135.8,34.89]},"properties":{"p":193}},{"type":"Feature","geometry":{"type":"Point","coordinates":[131.25,33.94]},"properties":{"p":174}},{"type":"Feature","geometry":{"type":"Point","coordinates":[136.52,34.73]},"properties":{"p":163}},{"type":"Feature","geometry":{"type":"Point","coordinates":[137.15,35.08]},"properties":{"p":362}},{"type":"Feature","geometry":{"type":"Point","coordinates":[135.47,34.78]},"properties":{"p":384}},{"type":"Feature","geometry":{"type":"Point","coordinates":[137.38,34.77]},"properties":{"p":378}},{"type":"Feature","geometry":{"type":"Point","coordinates":[137.22,36.7]},"properties":{"p":326}},{"type":"Feature","geometry":{"type":"Point","coordinates":[134.23,35.5]},"properties":{"p":154}},{"type":"Feature","geometry":{"type":"Point","coordinates":[139.69,35.69]},"properties":{"p":8337}},{"type":"Feature","geometry":{"type":"Point","coordinates":[134.57,34.07]},"properties":{"p":267}},{"type":"Feature","geometry":{"type":"Point","coordinates":[139.47,35.8]},"properties":{"p":339}},{"type":"Feature","geometry":{"type":"Point","coordinates":[139.54,35.73]},"properties":{"p":195}},{"type":"Feature","geometry":{"type":"Point","coordinates":[135.62,34.85]},"properties":{"p":354}},{"type":"Feature","geometry":{"type":"Point","coordinates":[139.02,36.33]},"properties":{"p":241}},{"type":"Feature","geometry":{"type":"Point","coordinates":[135.36,34.8]},"properties":{"p":220}},{"type":"Feature","geometry":{"type":"Point","coordinates":[137.02,36.75]},"properties":{"p":170}},{"type":"Feature","geometry":{"type":"Point","coordinates":[134.05,34.33]},"properties":{"p":334}},{"type":"Feature","geometry":{"type":"Point","coordinates":[136.58,34.88]},"properties":{"p":191}},{"type":"Feature","geometry":{"type":"Point","coordinates":[135.52,34.76]},"properties":{"p":352}},{"type":"Feature","geometry":{"type":"Point","coordinates":[139.8,35.84]},"properties":{"p":231}},{"type":"Feature","geometry":{"type":"Point","coordinates":[138.38,34.98]},"properties":{"p":702}},{"type":"Feature","geometry":{"type":"Point","coordinates":[130.95,33.95]},"properties":{"p":246}},{"type":"Feature","geometry":{"type":"Point","coordinates":[135.15,34.22]},"properties":{"p":375}},{"type":"Feature","geometry":{"type":"Point","coordinates":[129.73,33.17]},"properties":{"p":237}},{"type":"Feature","geometry":{"type":"Point","coordinates":[135.47,34.58]},"properties":{"p":782}},{"type":"Feature","geometry":{"type":"Point","coordinates":[130.3,33.23]},"properties":{"p":165}},{"type":"Feature","geometry":{"type":"Point","coordinates":[139.8,36.3]},"properties":{"p":160}},{"type":"Feature","geometry":{"type":"Point","coordinates":[135.87,35]},"properties":{"p":298}},{"type":"Feature","geometry":{"type":"Point","coordinates":[139.37,36.3]},"properties":{"p":152}},{"type":"Feature","geometry":{"type":"Point","coordinates":[135.5,34.69]},"properties":{"p":2592}},{"type":"Feature","geometry":{"type":"Point","coordinates":[137.17,34.95]},"properties":{"p":352}},{"type":"Feature","geometry":{"type":"Point","coordinates":[133.93,34.65]},"properties":{"p":640}},{"type":"Feature","geometry":{"type":"Point","coordinates":[131.6,33.23]},"properties":{"p":449}},{"type":"Feature","geometry":{"type":"Point","coordinates":[136.62,35.35]},"properties":{"p":151}},{"type":"Feature","geometry":{"type":"Point","coordinates":[139.16,35.26]},"properties":{"p":203}},{"type":"Feature","geometry":{"type":"Point","coordinates":[138.87,35.1]},"properties":{"p":204}},{"type":"Feature","geometry":{"type":"Point","coordinates":[135.33,34.72]},"properties":{"p":469}},{"type":"Feature","geometry":{"type":"Point","coordinates":[139.01,37.89]},"properties":{"p":505}},{"type":"Feature","geometry":{"type":"Point","coordinates":[135.8,34.69]},"properties":{"p":367}},{"type":"Feature","geometry":{"type":"Point","coordinates":[127.68,26.22]},"properties":{"p":301}},{"type":"Feature","geometry":{"type":"Point","coordinates":[136.91,35.18]},"properties":{"p":2191}},{"type":"Feature","geometry":{"type":"Point","coordinates":[129.88,32.75]},"properties":{"p":410}},{"type":"Feature","geometry":{"type":"Point","coordinates":[139.9,35.86]},"properties":{"p":156}},{"type":"Feature","geometry":{"type":"Point","coordinates":[138.85,37.45]},"properties":{"p":195}},{"type":"Feature","geometry":{"type":"Point","coordinates":[138.18,36.65]},"properties":{"p":360}},{"type":"Feature","geometry":{"type":"Point","coordinates":[131.42,31.92]},"properties":{"p":311}},{"type":"Feature","geometry":{"type":"Point","coordinates":[139.44,35.5]},"properties":{"p":224}},{"type":"Feature","geometry":{"type":"Point","coordinates":[137.97,36.23]},"properties":{"p":211}},{"type":"Feature","geometry":{"type":"Point","coordinates":[133.05,35.48]},"properties":{"p":157}},{"type":"Feature","geometry":{"type":"Point","coordinates":[139.9,35.78]},"properties":{"p":470}},{"type":"Feature","geometry":{"type":"Point","coordinates":[139.08,36.4]},"properties":{"p":283}},{"type":"Feature","geometry":{"type":"Point","coordinates":[139.45,35.54]},"properties":{"p":400}},{"type":"Feature","geometry":{"type":"Point","coordinates":[135.75,35.02]},"properties":{"p":1460}},{"type":"Feature","geometry":{"type":"Point","coordinates":[130.52,33.32]},"properties":{"p":238}},{"type":"Feature","geometry":{"type":"Point","coordinates":[132.57,34.23]},"properties":{"p":197}},{"type":"Feature","geometry":{"type":"Point","coordinates":[133.77,34.58]},"properties":{"p":438}},{"type":"Feature","geometry":{"type":"Point","coordinates":[130.69,32.81]},"properties":{"p":680}},{"type":"Feature","geometry":{"type":"Point","coordinates":[139.39,36.13]},"properties":{"p":156}},{"type":"Feature","geometry":{"type":"Point","coordinates":[139.79,35.89]},"properties":{"p":317}},{"type":"Feature","geometry":{"type":"Point","coordinates":[136.92,35.28]},"properties":{"p":151}},{"type":"Feature","geometry":{"type":"Point","coordinates":[138.57,35.67]},"properties":{"p":190}},{"type":"Feature","geometry":{"type":"Point","coordinates":[133.53,33.55]},"properties":{"p":336}},{"type":"Feature","geometry":{"type":"Point","coordinates":[135.18,34.69]},"properties":{"p":1528}},{"type":"Feature","geometry":{"type":"Point","coordinates":[130.85,33.85]},"properties":{"p":998}},{"type":"Feature","geometry":{"type":"Point","coordinates":[135.37,34.47]},"properties":{"p":206}},{"type":"Feature","geometry":{"type":"Point","coordinates":[139.72,35.52]},"properties":{"p":1307}},{"type":"Feature","geometry":{"type":"Point","coordinates":[135.42,34.82]},"properties":{"p":161}},{"type":"Feature","geometry":{"type":"Point","coordinates":[139.71,35.81]},"properties":{"p":469}},{"type":"Feature","geometry":{"type":"Point","coordinates":[139.49,35.91]},"properties":{"p":338}},{"type":"Feature","geometry":{"type":"Point","coordinates":[139.75,35.98]},"properties":{"p":207}},{"type":"Feature","geometry":{"type":"Point","coordinates":[136.97,35.25]},"properties":{"p":299}},{"type":"Feature","geometry":{"type":"Point","coordinates":[139.98,35.86]},"properties":{"p":340}},{"type":"Feature","geometry":{"type":"Point","coordinates":[136.62,36.6]},"properties":{"p":459}},{"type":"Feature","geometry":{"type":"Point","coordinates":[139.55,35.69]},"properties":{"p":179}},{"type":"Feature","geometry":{"type":"Point","coordinates":[139.55,35.31]},"properties":{"p":166}},{"type":"Feature","geometry":{"type":"Point","coordinates":[134.83,34.77]},"properties":{"p":272}},{"type":"Feature","geometry":{"type":"Point","coordinates":[130.55,31.57]},"properties":{"p":555}},{"type":"Feature","geometry":{"type":"Point","coordinates":[135.43,34.48]},"properties":{"p":189}},{"type":"Feature","geometry":{"type":"Point","coordinates":[135.4,34.78]},"properties":{"p":194}},{"type":"Feature","geometry":{"type":"Point","coordinates":[136.8,35.3]},"properties":{"p":280}},{"type":"Feature","geometry":{"type":"Point","coordinates":[135.57,34.82]},"properties":{"p":274}},{"type":"Feature","geometry":{"type":"Point","coordinates":[132.45,34.4]},"properties":{"p":1144}},{"type":"Feature","geometry":{"type":"Point","coordinates":[139.34,35.33]},"properties":{"p":259}},{"type":"Feature","geometry":{"type":"Point","coordinates":[135.65,34.81]},"properties":{"p":406}},{"type":"Feature","geometry":{"type":"Point","coordinates":[139.4,35.67]},"properties":{"p":172}},{"type":"Feature","geometry":{"type":"Point","coordinates":[134.7,34.82]},"properties":{"p":481}},{"type":"Feature","geometry":{"type":"Point","coordinates":[137.73,34.7]},"properties":{"p":605}},{"type":"Feature","geometry":{"type":"Point","coordinates":[139.22,35.37]},"properties":{"p":174}},{"type":"Feature","geometry":{"type":"Point","coordinates":[139.32,35.66]},"properties":{"p":579}},{"type":"Feature","geometry":{"type":"Point","coordinates":[136.76,35.42]},"properties":{"p":398}},{"type":"Feature","geometry":{"type":"Point","coordinates":[139.99,35.7]},"properties":{"p":561}},{"type":"Feature","geometry":{"type":"Point","coordinates":[133.37,34.48]},"properties":{"p":383}},{"type":"Feature","geometry":{"type":"Point","coordinates":[130.42,33.6]},"properties":{"p":1392}},{"type":"Feature","geometry":{"type":"Point","coordinates":[136.22,36.06]},"properties":{"p":249}},{"type":"Feature","geometry":{"type":"Point","coordinates":[139.48,35.35]},"properties":{"p":395}},{"type":"Feature","geometry":{"type":"Point","coordinates":[138.68,35.17]},"properties":{"p":240}},{"type":"Feature","geometry":{"type":"Point","coordinates":[139.55,35.66]},"properties":{"p":213}},{"type":"Feature","geometry":{"type":"Point","coordinates":[139.4,35.34]},"properties":{"p":232}},{"type":"Feature","geometry":{"type":"Point","coordinates":[139.45,36.33]},"properties":{"p":160}},{"type":"Feature","geometry":{"type":"Point","coordinates":[137.08,34.96]},"properties":{"p":178}},{"type":"Feature","geometry":{"type":"Point","coordinates":[135.42,34.72]},"properties":{"p":442}},{"type":"Feature","geometry":{"type":"Point","coordinates":[139.61,35.97]},"properties":{"p":219}},{"type":"Feature","geometry":{"type":"Point","coordinates":[139.41,35.85]},"properties":{"p":161}},{"type":"Feature","geometry":{"type":"Point","coordinates":[135.17,34.23]},"properties":{"p":351}},{"type":"Feature","geometry":{"type":"Point","coordinates":[132.77,33.84]},"properties":{"p":443}},{"type":"Feature","geometry":{"type":"Point","coordinates":[140.37,38.23]},"properties":{"p":255}},{"type":"Feature","geometry":{"type":"Point","coordinates":[140.1,36.2]},"properties":{"p":176}},{"type":"Feature","geometry":{"type":"Point","coordinates":[140.87,38.27]},"properties":{"p":1063}},{"type":"Feature","geometry":{"type":"Point","coordinates":[140.23,35.72]},"properties":{"p":183}},{"type":"Feature","geometry":{"type":"Point","coordinates":[141.15,39.7]},"properties":{"p":295}},{"type":"Feature","geometry":{"type":"Point","coordinates":[140.45,36.35]},"properties":{"p":247}},{"type":"Feature","geometry":{"type":"Point","coordinates":[140.38,37.4]},"properties":{"p":341}},{"type":"Feature","geometry":{"type":"Point","coordinates":[140.53,36.38]},"properties":{"p":156}},{"type":"Feature","geometry":{"type":"Point","coordinates":[140.88,37.05]},"properties":{"p":357}},{"type":"Feature","geometry":{"type":"Point","coordinates":[140.08,35.52]},"properties":{"p":284}},{"type":"Feature","geometry":{"type":"Point","coordinates":[140.65,36.6]},"properties":{"p":186}},{"type":"Feature","geometry":{"type":"Point","coordinates":[140.47,37.75]},"properties":{"p":294}},{"type":"Feature","geometry":{"type":"Point","coordinates":[140.12,35.6]},"properties":{"p":920}},{"type":"Feature","geometry":{"type":"Point","coordinates":[140.12,39.72]},"properties":{"p":320}},{"type":"Feature","geometry":{"type":"Point","coordinates":[141.6,42.64]},"properties":{"p":175}},{"type":"Feature","geometry":{"type":"Point","coordinates":[141.35,43.07]},"properties":{"p":1883}},{"type":"Feature","geometry":{"type":"Point","coordinates":[143.2,42.92]},"properties":{"p":174}},{"type":"Feature","geometry":{"type":"Point","coordinates":[144.37,42.98]},"properties":{"p":184}},{"type":"Feature","geometry":{"type":"Point","coordinates":[140.47,40.59]},"properties":{"p":175}},{"type":"Feature","geometry":{"type":"Point","coordinates":[140.74,41.78]},"properties":{"p":276}},{"type":"Feature","geometry":{"type":"Point","coordinates":[141.5,40.5]},"properties":{"p":239}},{"type":"Feature","geometry":{"type":"Point","coordinates":[142.36,43.77]},"properties":{"p":357}},{"type":"Feature","geometry":{"type":"Point","coordinates":[140.73,40.82]},"properties":{"p":298}},{"type":"Feature","geometry":{"type":"Point","coordinates":[135.63,34.77]},"properties":{"p":239}},{"type":"Feature","geometry":{"type":"Point","coordinates":[140.53,36.4]},"properties":{"p":157}},{"type":"Feature","geometry":{"type":"Point","coordinates":[138.24,37.15]},"properties":{"p":204}},{"type":"Feature","geometry":{"type":"Point","coordinates":[139.66,35.91]},"properties":{"p":1193}},{"type":"Feature","geometry":{"type":"Point","coordinates":[139.47,35.75]},"properties":{"p":151}},{"type":"Feature","geometry":{"type":"Point","coordinates":[37.07,-1.03]},"properties":{"p":200}},{"type":"Feature","geometry":{"type":"Point","coordinates":[36.07,-0.31]},"properties":{"p":260}},{"type":"Feature","geometry":{"type":"Point","coordinates":[36.82,-1.28]},"properties":{"p":2751}},{"type":"Feature","geometry":{"type":"Point","coordinates":[39.66,-4.05]},"properties":{"p":800}},{"type":"Feature","geometry":{"type":"Point","coordinates":[34.76,-0.1]},"properties":{"p":216}},{"type":"Feature","geometry":{"type":"Point","coordinates":[35.27,0.52]},"properties":{"p":218}},{"type":"Feature","geometry":{"type":"Point","coordinates":[72.8,40.53]},"properties":{"p":200}},{"type":"Feature","geometry":{"type":"Point","coordinates":[74.59,42.87]},"properties":{"p":900}},{"type":"Feature","geometry":{"type":"Point","coordinates":[104.92,11.56]},"properties":{"p":1574}},{"type":"Feature","geometry":{"type":"Point","coordinates":[104.78,10.99]},"properties":{"p":844}},{"type":"Feature","geometry":{"type":"Point","coordinates":[103.53,10.61]},"properties":{"p":157}},{"type":"Feature","geometry":{"type":"Point","coordinates":[103.2,13.1]},"properties":{"p":150}},{"type":"Feature","geometry":{"type":"Point","coordinates":[127.44,39.15]},"properties":{"p":329}},{"type":"Feature","geometry":{"type":"Point","coordinates":[125.93,39.43]},"properties":{"p":437}},{"type":"Feature","geometry":{"type":"Point","coordinates":[125.65,38.75]},"properties":{"p":152}},{"type":"Feature","geometry":{"type":"Point","coordinates":[125.76,38.51]},"properties":{"p":310}},{"type":"Feature","geometry":{"type":"Point","coordinates":[125.75,39.03]},"properties":{"p":3222}},{"type":"Feature","geometry":{"type":"Point","coordinates":[125.41,38.74]},"properties":{"p":455}},{"type":"Feature","geometry":{"type":"Point","coordinates":[126.55,37.97]},"properties":{"p":338}},{"type":"Feature","geometry":{"type":"Point","coordinates":[127.62,39.83]},"properties":{"p":346}},{"type":"Feature","geometry":{"type":"Point","coordinates":[127.54,39.92]},"properties":{"p":559}},{"type":"Feature","geometry":{"type":"Point","coordinates":[125.71,38.04]},"properties":{"p":222}},{"type":"Feature","geometry":{"type":"Point","coordinates":[124.4,40.1]},"properties":{"p":288}},{"type":"Feature","geometry":{"type":"Point","coordinates":[126.59,40.97]},"properties":{"p":210}},{"type":"Feature","geometry":{"type":"Point","coordinates":[128.18,41.4]},"properties":{"p":193}},{"type":"Feature","geometry":{"type":"Point","coordinates":[129.78,41.8]},"properties":{"p":327}},{"type":"Feature","geometry":{"type":"Point","coordinates":[127.06,37.83]},"properties":{"p":180}},{"type":"Feature","geometry":{"type":"Point","coordinates":[127.95,37.35]},"properties":{"p":243}},{"type":"Feature","geometry":{"type":"Point","coordinates":[129.32,35.54]},"properties":{"p":963}},{"type":"Feature","geometry":{"type":"Point","coordinates":[127.05,37.74]},"properties":{"p":479}},{"type":"Feature","geometry":{"type":"Point","coordinates":[127.38,36.35]},"properties":{"p":1475}},{"type":"Feature","geometry":{"type":"Point","coordinates":[128.59,35.87]},"properties":{"p":2567}},{"type":"Feature","geometry":{"type":"Point","coordinates":[127.01,37.29]},"properties":{"p":1243}},{"type":"Feature","geometry":{"type":"Point","coordinates":[127.49,34.95]},"properties":{"p":231}},{"type":"Feature","geometry":{"type":"Point","coordinates":[126.98,37.57]},"properties":{"p":10349}},{"type":"Feature","geometry":{"type":"Point","coordinates":[129.03,35.1]},"properties":{"p":3679}},{"type":"Feature","geometry":{"type":"Point","coordinates":[126.78,37.5]},"properties":{"p":851}},{"type":"Feature","geometry":{"type":"Point","coordinates":[129.36,36.03]},"properties":{"p":500}},{"type":"Feature","geometry":{"type":"Point","coordinates":[127.07,37.15]},"properties":{"p":159}},{"type":"Feature","geometry":{"type":"Point","coordinates":[126.39,34.81]},"properties":{"p":268}},{"type":"Feature","geometry":{"type":"Point","coordinates":[126.83,35.13]},"properties":{"p":434}},{"type":"Feature","geometry":{"type":"Point","coordinates":[129.21,35.84]},"properties":{"p":155}},{"type":"Feature","geometry":{"type":"Point","coordinates":[126.92,35.15]},"properties":{"p":1417}},{"type":"Feature","geometry":{"type":"Point","coordinates":[127.14,37.6]},"properties":{"p":195}},{"type":"Feature","geometry":{"type":"Point","coordinates":[126.71,35.98]},"properties":{"p":243}},{"type":"Feature","geometry":{"type":"Point","coordinates":[128.34,36.11]},"properties":{"p":291}},{"type":"Feature","geometry":{"type":"Point","coordinates":[126.84,37.66]},"properties":{"p":1073}},{"type":"Feature","geometry":{"type":"Point","coordinates":[128.88,35.23]},"properties":{"p":356}},{"type":"Feature","geometry":{"type":"Point","coordinates":[128.12,36.12]},"properties":{"p":150}},{"type":"Feature","geometry":{"type":"Point","coordinates":[128.87,37.75]},"properties":{"p":181}},{"type":"Feature","geometry":{"type":"Point","coordinates":[126.95,35.94]},"properties":{"p":284}},{"type":"Feature","geometry":{"type":"Point","coordinates":[126.71,37.46]},"properties":{"p":2628}},{"type":"Feature","geometry":{"type":"Point","coordinates":[127.44,37.28]},"properties":{"p":196}},{"type":"Feature","geometry":{"type":"Point","coordinates":[126.82,37.21]},"properties":{"p":476}},{"type":"Feature","geometry":{"type":"Point","coordinates":[127.73,37.87]},"properties":{"p":210}},{"type":"Feature","geometry":{"type":"Point","coordinates":[127.15,35.82]},"properties":{"p":711}},{"type":"Feature","geometry":{"type":"Point","coordinates":[127.49,36.64]},"properties":{"p":635}},{"type":"Feature","geometry":{"type":"Point","coordinates":[127.15,36.81]},"properties":{"p":365}},{"type":"Feature","geometry":{"type":"Point","coordinates":[128.08,35.19]},"properties":{"p":307}},{"type":"Feature","geometry":{"type":"Point","coordinates":[126.52,33.51]},"properties":{"p":408}},{"type":"Feature","geometry":{"type":"Point","coordinates":[128.68,35.23]},"properties":{"p":550}},{"type":"Feature","geometry":{"type":"Point","coordinates":[126.93,37.39]},"properties":{"p":634}},{"type":"Feature","geometry":{"type":"Point","coordinates":[126.82,37.32]},"properties":{"p":651}},{"type":"Feature","geometry":{"type":"Point","coordinates":[127.66,34.76]},"properties":{"p":296}},{"type":"Feature","geometry":{"type":"Point","coordinates":[127.14,37.44]},"properties":{"p":1032}},{"type":"Feature","geometry":{"type":"Point","coordinates":[126.87,37.48]},"properties":{"p":358}},{"type":"Feature","geometry":{"type":"Point","coordinates":[126.56,33.25]},"properties":{"p":156}},{"type":"Feature","geometry":{"type":"Point","coordinates":[127.29,36.59]},"properties":{"p":230}},{"type":"Feature","geometry":{"type":"Point","coordinates":[48.03,29.33]},"properties":{"p":164}},{"type":"Feature","geometry":{"type":"Point","coordinates":[48.08,29.08]},"properties":{"p":637}},{"type":"Feature","geometry":{"type":"Point","coordinates":[51.37,51.23]},"properties":{"p":200}},{"type":"Feature","geometry":{"type":"Point","coordinates":[73.1,49.8]},"properties":{"p":452}},{"type":"Feature","geometry":{"type":"Point","coordinates":[51.88,47.12]},"properties":{"p":180}},{"type":"Feature","geometry":{"type":"Point","coordinates":[57.21,50.28]},"properties":{"p":262}},{"type":"Feature","geometry":{"type":"Point","coordinates":[71.37,42.9]},"properties":{"p":358}},{"type":"Feature","geometry":{"type":"Point","coordinates":[72.96,50.05]},"properties":{"p":171}},{"type":"Feature","geometry":{"type":"Point","coordinates":[69.6,42.3]},"properties":{"p":414}},{"type":"Feature","geometry":{"type":"Point","coordinates":[80.27,50.43]},"properties":{"p":293}},{"type":"Feature","geometry":{"type":"Point","coordinates":[65.51,44.85]},"properties":{"p":300}},{"type":"Feature","geometry":{"type":"Point","coordinates":[63.62,53.21]},"properties":{"p":210}},{"type":"Feature","geometry":{"type":"Point","coordinates":[69.15,54.87]},"properties":{"p":201}},{"type":"Feature","geometry":{"type":"Point","coordinates":[76.97,52.28]},"properties":{"p":329}},{"type":"Feature","geometry":{"type":"Point","coordinates":[82.61,49.97]},"properties":{"p":319}},{"type":"Feature","geometry":{"type":"Point","coordinates":[71.45,51.18]},"properties":{"p":346}},{"type":"Feature","geometry":{"type":"Point","coordinates":[76.93,43.26]},"properties":{"p":2001}},{"type":"Feature","geometry":{"type":"Point","coordinates":[102.6,17.97]},"properties":{"p":197}},{"type":"Feature","geometry":{"type":"Point","coordinates":[35.84,34.43]},"properties":{"p":229}},{"type":"Feature","geometry":{"type":"Point","coordinates":[35.37,33.56]},"properties":{"p":164}},{"type":"Feature","geometry":{"type":"Point","coordinates":[35.48,33.9]},"properties":{"p":1252}},{"type":"Feature","geometry":{"type":"Point","coordinates":[35.5,33.89]},"properties":{"p":1916}},{"type":"Feature","geometry":{"type":"Point","coordinates":[79.87,6.84]},"properties":{"p":220}},{"type":"Feature","geometry":{"type":"Point","coordinates":[79.88,6.77]},"properties":{"p":185}},{"type":"Feature","geometry":{"type":"Point","coordinates":[80.01,9.67]},"properties":{"p":169}},{"type":"Feature","geometry":{"type":"Point","coordinates":[79.85,6.94]},"properties":{"p":648}},{"type":"Feature","geometry":{"type":"Point","coordinates":[-10.8,6.3]},"properties":{"p":940}},{"type":"Feature","geometry":{"type":"Point","coordinates":[25.28,54.69]},"properties":{"p":542}},{"type":"Feature","geometry":{"type":"Point","coordinates":[21.14,55.71]},"properties":{"p":192}},{"type":"Feature","geometry":{"type":"Point","coordinates":[23.91,54.9]},"properties":{"p":375}},{"type":"Feature","geometry":{"type":"Point","coordinates":[24.11,56.95]},"properties":{"p":743}},{"type":"Feature","geometry":{"type":"Point","coordinates":[20.07,32.11]},"properties":{"p":651}},{"type":"Feature","geometry":{"type":"Point","coordinates":[13.63,32.44]},"properties":{"p":211}},{"type":"Feature","geometry":{"type":"Point","coordinates":[13.19,32.89]},"properties":{"p":1151}},{"type":"Feature","geometry":{"type":"Point","coordinates":[15.09,32.38]},"properties":{"p":386}},{"type":"Feature","geometry":{"type":"Point","coordinates":[12.73,32.75]},"properties":{"p":186}},{"type":"Feature","geometry":{"type":"Point","coordinates":[12.73,32.76]},"properties":{"p":200}},{"type":"Feature","geometry":{"type":"Point","coordinates":[14.26,32.65]},"properties":{"p":202}},{"type":"Feature","geometry":{"type":"Point","coordinates":[-5.37,35.58]},"properties":{"p":326}},{"type":"Feature","geometry":{"type":"Point","coordinates":[-6.91,33.93]},"properties":{"p":314}},{"type":"Feature","geometry":{"type":"Point","coordinates":[-5.8,35.77]},"properties":{"p":688}},{"type":"Feature","geometry":{"type":"Point","coordinates":[-6.8,34.05]},"properties":{"p":903}},{"type":"Feature","geometry":{"type":"Point","coordinates":[-9.24,32.3]},"properties":{"p":288}},{"type":"Feature","geometry":{"type":"Point","coordinates":[-6.83,34.01]},"properties":{"p":1656}},{"type":"Feature","geometry":{"type":"Point","coordinates":[-1.91,34.68]},"properties":{"p":405}},{"type":"Feature","geometry":{"type":"Point","coordinates":[-7.38,33.69]},"properties":{"p":188}},{"type":"Feature","geometry":{"type":"Point","coordinates":[-5.55,33.89]},"properties":{"p":546}},{"type":"Feature","geometry":{"type":"Point","coordinates":[-8,31.63]},"properties":{"p":839}},{"type":"Feature","geometry":{"type":"Point","coordinates":[-6.91,32.88]},"properties":{"p":168}},{"type":"Feature","geometry":{"type":"Point","coordinates":[-6.58,34.26]},"properties":{"p":367}},{"type":"Feature","geometry":{"type":"Point","coordinates":[-4.95,34.07]},"properties":{"p":156}},{"type":"Feature","geometry":{"type":"Point","coordinates":[-5,34.03]},"properties":{"p":965}},{"type":"Feature","geometry":{"type":"Point","coordinates":[-7.61,33.59]},"properties":{"p":3145}},{"type":"Feature","geometry":{"type":"Point","coordinates":[-6.35,32.34]},"properties":{"p":166}},{"type":"Feature","geometry":{"type":"Point","coordinates":[-3.94,35.25]},"properties":{"p":396}},{"type":"Feature","geometry":{"type":"Point","coordinates":[-9.6,30.42]},"properties":{"p":698}},{"type":"Feature","geometry":{"type":"Point","coordinates":[-6.74,34]},"properties":{"p":200}},{"type":"Feature","geometry":{"type":"Point","coordinates":[29.63,46.84]},"properties":{"p":157}},{"type":"Feature","geometry":{"type":"Point","coordinates":[28.86,47.01]},"properties":{"p":636}},{"type":"Feature","geometry":{"type":"Point","coordinates":[49.4,-18.15]},"properties":{"p":206}},{"type":"Feature","geometry":{"type":"Point","coordinates":[46.32,-15.72]},"properties":{"p":155}},{"type":"Feature","geometry":{"type":"Point","coordinates":[47.09,-21.45]},"properties":{"p":167}},{"type":"Feature","geometry":{"type":"Point","coordinates":[47.03,-19.87]},"properties":{"p":186}},{"type":"Feature","geometry":{"type":"Point","coordinates":[47.54,-18.91]},"properties":{"p":1391}},{"type":"Feature","geometry":{"type":"Point","coordinates":[21.43,42]},"properties":{"p":475}},{"type":"Feature","geometry":{"type":"Point","coordinates":[-8,12.65]},"properties":{"p":1297}},{"type":"Feature","geometry":{"type":"Point","coordinates":[97.04,20.79]},"properties":{"p":160}},{"type":"Feature","geometry":{"type":"Point","coordinates":[92.9,20.15]},"properties":{"p":178}},{"type":"Feature","geometry":{"type":"Point","coordinates":[96.16,16.81]},"properties":{"p":4478}},{"type":"Feature","geometry":{"type":"Point","coordinates":[96.48,17.34]},"properties":{"p":244}},{"type":"Feature","geometry":{"type":"Point","coordinates":[97.63,16.49]},"properties":{"p":439}},{"type":"Feature","geometry":{"type":"Point","coordinates":[95.14,22.11]},"properties":{"p":182}},{"type":"Feature","geometry":{"type":"Point","coordinates":[98.6,12.44]},"properties":{"p":173}},{"type":"Feature","geometry":{"type":"Point","coordinates":[95.86,20.88]},"properties":{"p":177}},{"type":"Feature","geometry":{"type":"Point","coordinates":[96.08,21.97]},"properties":{"p":1208}},{"type":"Feature","geometry":{"type":"Point","coordinates":[94.73,16.78]},"properties":{"p":237}},{"type":"Feature","geometry":{"type":"Point","coordinates":[96.13,19.75]},"properties":{"p":925}},{"type":"Feature","geometry":{"type":"Point","coordinates":[98.25,15.82]},"properties":{"p":246}},{"type":"Feature","geometry":{"type":"Point","coordinates":[106.88,47.91]},"properties":{"p":845}},{"type":"Feature","geometry":{"type":"Point","coordinates":[113.55,22.2]},"properties":{"p":520}},{"type":"Feature","geometry":{"type":"Point","coordinates":[-15.98,18.09]},"properties":{"p":661}},{"type":"Feature","geometry":{"type":"Point","coordinates":[57.5,-20.16]},"properties":{"p":155}},{"type":"Feature","geometry":{"type":"Point","coordinates":[34.02,-11.47]},"properties":{"p":175}},{"type":"Feature","geometry":{"type":"Point","coordinates":[33.79,-13.97]},"properties":{"p":647}},{"type":"Feature","geometry":{"type":"Point","coordinates":[35.01,-15.78]},"properties":{"p":585}},{"type":"Feature","geometry":{"type":"Point","coordinates":[-99.1,19.25]},"properties":{"p":408}},{"type":"Feature","geometry":{"type":"Point","coordinates":[-98.95,19.27]},"properties":{"p":356}},{"type":"Feature","geometry":{"type":"Point","coordinates":[-99.2,19.36]},"properties":{"p":727}},{"type":"Feature","geometry":{"type":"Point","coordinates":[-92.93,17.99]},"properties":{"p":354}},{"type":"Feature","geometry":{"type":"Point","coordinates":[-99.11,19.49]},"properties":{"p":1186}},{"type":"Feature","geometry":{"type":"Point","coordinates":[-96.14,19.18]},"properties":{"p":428}},{"type":"Feature","geometry":{"type":"Point","coordinates":[-93.11,16.76]},"properties":{"p":537}},{"type":"Feature","geometry":{"type":"Point","coordinates":[-99.65,19.29]},"properties":{"p":489}},{"type":"Feature","geometry":{"type":"Point","coordinates":[-99.16,19.3]},"properties":{"p":575}},{"type":"Feature","geometry":{"type":"Point","coordinates":[-99.2,19.54]},"properties":{"p":653}},{"type":"Feature","geometry":{"type":"Point","coordinates":[-99.01,19.29]},"properties":{"p":305}},{"type":"Feature","geometry":{"type":"Point","coordinates":[-99.22,19.64]},"properties":{"p":485}},{"type":"Feature","geometry":{"type":"Point","coordinates":[-97.4,18.46]},"properties":{"p":249}},{"type":"Feature","geometry":{"type":"Point","coordinates":[-92.26,14.9]},"properties":{"p":203}},{"type":"Feature","geometry":{"type":"Point","coordinates":[-97.88,22.29]},"properties":{"p":309}},{"type":"Feature","geometry":{"type":"Point","coordinates":[-98.95,19.42]},"properties":{"p":612}},{"type":"Feature","geometry":{"type":"Point","coordinates":[-99.09,19.67]},"properties":{"p":156}},{"type":"Feature","geometry":{"type":"Point","coordinates":[-92.64,16.73]},"properties":{"p":158}},{"type":"Feature","geometry":{"type":"Point","coordinates":[-98.29,26.08]},"properties":{"p":589}},{"type":"Feature","geometry":{"type":"Point","coordinates":[-98.2,19.04]},"properties":{"p":1434}},{"type":"Feature","geometry":{"type":"Point","coordinates":[-97.46,20.53]},"properties":{"p":185}},{"type":"Feature","geometry":{"type":"Point","coordinates":[-98.73,20.12]},"properties":{"p":257}},{"type":"Feature","geometry":{"type":"Point","coordinates":[-96.72,17.07]},"properties":{"p":255}},{"type":"Feature","geometry":{"type":"Point","coordinates":[-99.52,27.48]},"properties":{"p":374}},{"type":"Feature","geometry":{"type":"Point","coordinates":[-99.31,19.64]},"properties":{"p":282}},{"type":"Feature","geometry":{"type":"Point","coordinates":[-99.24,19.48]},"properties":{"p":792}},{"type":"Feature","geometry":{"type":"Point","coordinates":[-89.62,20.98]},"properties":{"p":778}},{"type":"Feature","geometry":{"type":"Point","coordinates":[-97.5,25.88]},"properties":{"p":450}},{"type":"Feature","geometry":{"type":"Point","coordinates":[-99.21,19.33]},"properties":{"p":238}},{"type":"Feature","geometry":{"type":"Point","coordinates":[-99.18,18.88]},"properties":{"p":162}},{"type":"Feature","geometry":{"type":"Point","coordinates":[-96.92,19.53]},"properties":{"p":425}},{"type":"Feature","geometry":{"type":"Point","coordinates":[-98.88,19.32]},"properties":{"p":322}},{"type":"Feature","geometry":{"type":"Point","coordinates":[-99.06,19.36]},"properties":{"p":1816}},{"type":"Feature","geometry":{"type":"Point","coordinates":[-99.1,19.4]},"properties":{"p":384}},{"type":"Feature","geometry":{"type":"Point","coordinates":[-99.06,19.6]},"properties":{"p":1655}},{"type":"Feature","geometry":{"type":"Point","coordinates":[-99.23,18.93]},"properties":{"p":339}},{"type":"Feature","geometry":{"type":"Point","coordinates":[-98.94,18.81]},"properties":{"p":154}},{"type":"Feature","geometry":{"type":"Point","coordinates":[-99.29,19.37]},"properties":{"p":160}},{"type":"Feature","geometry":{"type":"Point","coordinates":[-99.16,19.35]},"properties":{"p":620}},{"type":"Feature","geometry":{"type":"Point","coordinates":[-94.44,18.15]},"properties":{"p":236}},{"type":"Feature","geometry":{"type":"Point","coordinates":[-99.11,19.63]},"properties":{"p":278}},{"type":"Feature","geometry":{"type":"Point","coordinates":[-99.15,23.74]},"properties":{"p":305}},{"type":"Feature","geometry":{"type":"Point","coordinates":[-99.01,19.4]},"properties":{"p":1105}},{"type":"Feature","geometry":{"type":"Point","coordinates":[-97.84,22.27]},"properties":{"p":197}},{"type":"Feature","geometry":{"type":"Point","coordinates":[-99.13,19.43]},"properties":{"p":12294}},{"type":"Feature","geometry":{"type":"Point","coordinates":[-91.83,18.65]},"properties":{"p":169}},{"type":"Feature","geometry":{"type":"Point","coordinates":[-99.51,17.55]},"properties":{"p":187}},{"type":"Feature","geometry":{"type":"Point","coordinates":[-98.9,19.42]},"properties":{"p":173}},{"type":"Feature","geometry":{"type":"Point","coordinates":[-88.3,18.51]},"properties":{"p":151}},{"type":"Feature","geometry":{"type":"Point","coordinates":[-98.9,19.26]},"properties":{"p":169}},{"type":"Feature","geometry":{"type":"Point","coordinates":[-86.85,21.17]},"properties":{"p":628}},{"type":"Feature","geometry":{"type":"Point","coordinates":[-90.53,19.84]},"properties":{"p":220}},{"type":"Feature","geometry":{"type":"Point","coordinates":[-99.19,19.49]},"properties":{"p":415}},{"type":"Feature","geometry":{"type":"Point","coordinates":[-99.26,19.56]},"properties":{"p":489}},{"type":"Feature","geometry":{"type":"Point","coordinates":[-99.91,16.85]},"properties":{"p":673}},{"type":"Feature","geometry":{"type":"Point","coordinates":[-99.16,19.4]},"properties":{"p":355}},{"type":"Feature","geometry":{"type":"Point","coordinates":[-99.1,19.44]},"properties":{"p":431}},{"type":"Feature","geometry":{"type":"Point","coordinates":[-99.2,19.43]},"properties":{"p":373}},{"type":"Feature","geometry":{"type":"Point","coordinates":[-99.15,19.45]},"properties":{"p":532}},{"type":"Feature","geometry":{"type":"Point","coordinates":[-99.01,19.68]},"properties":{"p":242}},{"type":"Feature","geometry":{"type":"Point","coordinates":[-99.17,19.61]},"properties":{"p":206}},{"type":"Feature","geometry":{"type":"Point","coordinates":[-103.38,20.72]},"properties":{"p":1142}},{"type":"Feature","geometry":{"type":"Point","coordinates":[-102.06,19.41]},"properties":{"p":264}},{"type":"Feature","geometry":{"type":"Point","coordinates":[-103.42,25.54]},"properties":{"p":609}},{"type":"Feature","geometry":{"type":"Point","coordinates":[-103.23,20.62]},"properties":{"p":409}},{"type":"Feature","geometry":{"type":"Point","coordinates":[-103.29,20.64]},"properties":{"p":576}},{"type":"Feature","geometry":{"type":"Point","coordinates":[-117,32.5]},"properties":{"p":1301}},{"type":"Feature","geometry":{"type":"Point","coordinates":[-104.9,21.51]},"properties":{"p":333}},{"type":"Feature","geometry":{"type":"Point","coordinates":[-100.94,22.19]},"properties":{"p":255}},{"type":"Feature","geometry":{"type":"Point","coordinates":[-100.46,25.67]},"properties":{"p":268}},{"type":"Feature","geometry":{"type":"Point","coordinates":[-100.3,25.74]},"properties":{"p":443}},{"type":"Feature","geometry":{"type":"Point","coordinates":[-114.77,32.46]},"properties":{"p":158}},{"type":"Feature","geometry":{"type":"Point","coordinates":[-100.98,22.15]},"properties":{"p":723}},{"type":"Feature","geometry":{"type":"Point","coordinates":[-101.01,25.42]},"properties":{"p":710}},{"type":"Feature","geometry":{"type":"Point","coordinates":[-101.19,20.57]},"properties":{"p":160}},{"type":"Feature","geometry":{"type":"Point","coordinates":[-100.39,20.59]},"properties":{"p":626}},{"type":"Feature","geometry":{"type":"Point","coordinates":[-105.23,20.62]},"properties":{"p":203}},{"type":"Feature","geometry":{"type":"Point","coordinates":[-100.52,28.7]},"properties":{"p":150}},{"type":"Feature","geometry":{"type":"Point","coordinates":[-101.18,19.7]},"properties":{"p":598}},{"type":"Feature","geometry":{"type":"Point","coordinates":[-100.32,25.68]},"properties":{"p":1136}},{"type":"Feature","geometry":{"type":"Point","coordinates":[-101.42,26.91]},"properties":{"p":215}},{"type":"Feature","geometry":{"type":"Point","coordinates":[-115.45,32.63]},"properties":{"p":690}},{"type":"Feature","geometry":{"type":"Point","coordinates":[-106.41,23.23]},"properties":{"p":382}},{"type":"Feature","geometry":{"type":"Point","coordinates":[-109,25.79]},"properties":{"p":257}},{"type":"Feature","geometry":{"type":"Point","coordinates":[-101.67,21.13]},"properties":{"p":1239}},{"type":"Feature","geometry":{"type":"Point","coordinates":[-110.3,24.14]},"properties":{"p":215}},{"type":"Feature","geometry":{"type":"Point","coordinates":[-100.1,25.65]},"properties":{"p":152}},{"type":"Feature","geometry":{"type":"Point","coordinates":[-101.36,20.68]},"properties":{"p":381}},{"type":"Feature","geometry":{"type":"Point","coordinates":[-110.94,31.31]},"properties":{"p":213}},{"type":"Feature","geometry":{"type":"Point","coordinates":[-110.98,29.1]},"properties":{"p":715}},{"type":"Feature","geometry":{"type":"Point","coordinates":[-100.26,25.68]},"properties":{"p":674}},{"type":"Feature","geometry":{"type":"Point","coordinates":[-103.39,20.67]},"properties":{"p":1495}},{"type":"Feature","geometry":{"type":"Point","coordinates":[-103.5,25.57]},"properties":{"p":257}},{"type":"Feature","geometry":{"type":"Point","coordinates":[-100.32,25.8]},"properties":{"p":352}},{"type":"Feature","geometry":{"type":"Point","coordinates":[-116.6,31.87]},"properties":{"p":280}},{"type":"Feature","geometry":{"type":"Point","coordinates":[-104.66,24.02]},"properties":{"p":519}},{"type":"Feature","geometry":{"type":"Point","coordinates":[-107.39,24.79]},"properties":{"p":676}},{"type":"Feature","geometry":{"type":"Point","coordinates":[-109.94,27.49]},"properties":{"p":299}},{"type":"Feature","geometry":{"type":"Point","coordinates":[-106.46,31.72]},"properties":{"p":1321}},{"type":"Feature","geometry":{"type":"Point","coordinates":[-106.09,28.64]},"properties":{"p":809}},{"type":"Feature","geometry":{"type":"Point","coordinates":[-100.82,20.52]},"properties":{"p":340}},{"type":"Feature","geometry":{"type":"Point","coordinates":[-100.19,25.78]},"properties":{"p":467}},{"type":"Feature","geometry":{"type":"Point","coordinates":[-102.28,21.88]},"properties":{"p":722}},{"type":"Feature","geometry":{"type":"Point","coordinates":[-99.16,19.37]},"properties":{"p":385}},{"type":"Feature","geometry":{"type":"Point","coordinates":[-99.16,19.39]},"properties":{"p":250}},{"type":"Feature","geometry":{"type":"Point","coordinates":[102.93,1.85]},"properties":{"p":156}},{"type":"Feature","geometry":{"type":"Point","coordinates":[103.66,1.54]},"properties":{"p":160}},{"type":"Feature","geometry":{"type":"Point","coordinates":[103.76,1.47]},"properties":{"p":802}},{"type":"Feature","geometry":{"type":"Point","coordinates":[103.32,2.03]},"properties":{"p":170}},{"type":"Feature","geometry":{"type":"Point","coordinates":[101.53,3.09]},"properties":{"p":482}},{"type":"Feature","geometry":{"type":"Point","coordinates":[101.44,3.04]},"properties":{"p":880}},{"type":"Feature","geometry":{"type":"Point","coordinates":[116.07,5.97]},"properties":{"p":457}},{"type":"Feature","geometry":{"type":"Point","coordinates":[118.12,5.84]},"properties":{"p":392}},{"type":"Feature","geometry":{"type":"Point","coordinates":[117.89,4.24]},"properties":{"p":306}},{"type":"Feature","geometry":{"type":"Point","coordinates":[100.56,5.36]},"properties":{"p":171}},{"type":"Feature","geometry":{"type":"Point","coordinates":[100.73,4.85]},"properties":{"p":218}},{"type":"Feature","geometry":{"type":"Point","coordinates":[101.08,4.58]},"properties":{"p":673}},{"type":"Feature","geometry":{"type":"Point","coordinates":[103.14,5.33]},"properties":{"p":285}},{"type":"Feature","geometry":{"type":"Point","coordinates":[102.24,2.2]},"properties":{"p":181}},{"type":"Feature","geometry":{"type":"Point","coordinates":[101.94,2.73]},"properties":{"p":373}},{"type":"Feature","geometry":{"type":"Point","coordinates":[101.75,2.69]},"properties":{"p":212}},{"type":"Feature","geometry":{"type":"Point","coordinates":[100.47,5.36]},"properties":{"p":212}},{"type":"Feature","geometry":{"type":"Point","coordinates":[100.34,5.41]},"properties":{"p":300}},{"type":"Feature","geometry":{"type":"Point","coordinates":[101.61,3.11]},"properties":{"p":521}},{"type":"Feature","geometry":{"type":"Point","coordinates":[101.69,3.14]},"properties":{"p":1454}},{"type":"Feature","geometry":{"type":"Point","coordinates":[103.33,3.81]},"properties":{"p":366}},{"type":"Feature","geometry":{"type":"Point","coordinates":[100.49,5.65]},"properties":{"p":229}},{"type":"Feature","geometry":{"type":"Point","coordinates":[110.33,1.55]},"properties":{"p":570}},{"type":"Feature","geometry":{"type":"Point","coordinates":[111.82,2.3]},"properties":{"p":198}},{"type":"Feature","geometry":{"type":"Point","coordinates":[100.36,6.12]},"properties":{"p":217}},{"type":"Feature","geometry":{"type":"Point","coordinates":[102.24,6.12]},"properties":{"p":1460}},{"type":"Feature","geometry":{"type":"Point","coordinates":[113.03,3.17]},"properties":{"p":152}},{"type":"Feature","geometry":{"type":"Point","coordinates":[113.99,4.4]},"properties":{"p":228}},{"type":"Feature","geometry":{"type":"Point","coordinates":[101.53,3.15]},"properties":{"p":834}},{"type":"Feature","geometry":{"type":"Point","coordinates":[101.58,3.04]},"properties":{"p":708}},{"type":"Feature","geometry":{"type":"Point","coordinates":[36.89,-17.88]},"properties":{"p":189}},{"type":"Feature","geometry":{"type":"Point","coordinates":[39.27,-15.12]},"properties":{"p":389}},{"type":"Feature","geometry":{"type":"Point","coordinates":[40.69,-14.56]},"properties":{"p":225}},{"type":"Feature","geometry":{"type":"Point","coordinates":[32.46,-25.96]},"properties":{"p":675}},{"type":"Feature","geometry":{"type":"Point","coordinates":[32.58,-25.97]},"properties":{"p":1192}},{"type":"Feature","geometry":{"type":"Point","coordinates":[33.48,-19.12]},"properties":{"p":257}},{"type":"Feature","geometry":{"type":"Point","coordinates":[34.84,-19.84]},"properties":{"p":531}},{"type":"Feature","geometry":{"type":"Point","coordinates":[17.08,-22.56]},"properties":{"p":268}},{"type":"Feature","geometry":{"type":"Point","coordinates":[8.99,13.81]},"properties":{"p":191}},{"type":"Feature","geometry":{"type":"Point","coordinates":[2.11,13.51]},"properties":{"p":774}},{"type":"Feature","geometry":{"type":"Point","coordinates":[7.1,13.5]},"properties":{"p":163}},{"type":"Feature","geometry":{"type":"Point","coordinates":[7.72,11.11]},"properties":{"p":975}},{"type":"Feature","geometry":{"type":"Point","coordinates":[5.75,5.52]},"properties":{"p":536}},{"type":"Feature","geometry":{"type":"Point","coordinates":[7.93,5.05]},"properties":{"p":437}},{"type":"Feature","geometry":{"type":"Point","coordinates":[7.49,5.52]},"properties":{"p":265}},{"type":"Feature","geometry":{"type":"Point","coordinates":[8.08,5.81]},"properties":{"p":200}},{"type":"Feature","geometry":{"type":"Point","coordinates":[7.18,9.18]},"properties":{"p":162}},{"type":"Feature","geometry":{"type":"Point","coordinates":[5.24,13.06]},"properties":{"p":564}},{"type":"Feature","geometry":{"type":"Point","coordinates":[3.39,8.67]},"properties":{"p":179}},{"type":"Feature","geometry":{"type":"Point","coordinates":[3.65,6.85]},"properties":{"p":215}},{"type":"Feature","geometry":{"type":"Point","coordinates":[5.68,5.89]},"properties":{"p":162}},{"type":"Feature","geometry":{"type":"Point","coordinates":[7.01,4.78]},"properties":{"p":1149}},{"type":"Feature","geometry":{"type":"Point","coordinates":[3.93,7.85]},"properties":{"p":736}},{"type":"Feature","geometry":{"type":"Point","coordinates":[5.59,7.2]},"properties":{"p":277}},{"type":"Feature","geometry":{"type":"Point","coordinates":[7.03,5.48]},"properties":{"p":215}},{"type":"Feature","geometry":{"type":"Point","coordinates":[4.56,7.77]},"properties":{"p":157}},{"type":"Feature","geometry":{"type":"Point","coordinates":[6.79,6.15]},"properties":{"p":561}},{"type":"Feature","geometry":{"type":"Point","coordinates":[4.84,7.09]},"properties":{"p":257}},{"type":"Feature","geometry":{"type":"Point","coordinates":[6.24,7.55]},"properties":{"p":479}},{"type":"Feature","geometry":{"type":"Point","coordinates":[6.92,6.02]},"properties":{"p":194}},{"type":"Feature","geometry":{"type":"Point","coordinates":[13.27,10.27]},"properties":{"p":226}},{"type":"Feature","geometry":{"type":"Point","coordinates":[6.55,9.62]},"properties":{"p":292}},{"type":"Feature","geometry":{"type":"Point","coordinates":[8.52,7.73]},"properties":{"p":293}},{"type":"Feature","geometry":{"type":"Point","coordinates":[13.16,11.85]},"properties":{"p":1112}},{"type":"Feature","geometry":{"type":"Point","coordinates":[4.09,6.41]},"properties":{"p":401}},{"type":"Feature","geometry":{"type":"Point","coordinates":[3.39,6.45]},"properties":{"p":9000}},{"type":"Feature","geometry":{"type":"Point","coordinates":[3.85,9.08]},"properties":{"p":156}},{"type":"Feature","geometry":{"type":"Point","coordinates":[7.6,12.99]},"properties":{"p":432}},{"type":"Feature","geometry":{"type":"Point","coordinates":[8.52,12]},"properties":{"p":3626}},{"type":"Feature","geometry":{"type":"Point","coordinates":[7.44,10.53]},"properties":{"p":1582}},{"type":"Feature","geometry":{"type":"Point","coordinates":[8.89,9.93]},"properties":{"p":817}},{"type":"Feature","geometry":{"type":"Point","coordinates":[12.46,9.28]},"properties":{"p":248}},{"type":"Feature","geometry":{"type":"Point","coordinates":[4.18,7.64]},"properties":{"p":250}},{"type":"Feature","geometry":{"type":"Point","coordinates":[5.42,7.46]},"properties":{"p":190}},{"type":"Feature","geometry":{"type":"Point","coordinates":[4.33,7.85]},"properties":{"p":164}},{"type":"Feature","geometry":{"type":"Point","coordinates":[4.54,8.5]},"properties":{"p":814}},{"type":"Feature","geometry":{"type":"Point","coordinates":[4.74,7.63]},"properties":{"p":278}},{"type":"Feature","geometry":{"type":"Point","coordinates":[4.9,8.02]},"properties":{"p":179}},{"type":"Feature","geometry":{"type":"Point","coordinates":[7.71,5.18]},"properties":{"p":255}},{"type":"Feature","geometry":{"type":"Point","coordinates":[4.19,7.37]},"properties":{"p":222}},{"type":"Feature","geometry":{"type":"Point","coordinates":[3.34,6.6]},"properties":{"p":313}},{"type":"Feature","geometry":{"type":"Point","coordinates":[5.07,7.82]},"properties":{"p":168}},{"type":"Feature","geometry":{"type":"Point","coordinates":[3.92,6.82]},"properties":{"p":209}},{"type":"Feature","geometry":{"type":"Point","coordinates":[3.91,7.38]},"properties":{"p":3565}},{"type":"Feature","geometry":{"type":"Point","coordinates":[6.66,12.17]},"properties":{"p":227}},{"type":"Feature","geometry":{"type":"Point","coordinates":[11.17,10.29]},"properties":{"p":250}},{"type":"Feature","geometry":{"type":"Point","coordinates":[7.5,6.44]},"properties":{"p":689}},{"type":"Feature","geometry":{"type":"Point","coordinates":[4.92,7.66]},"properties":{"p":279}},{"type":"Feature","geometry":{"type":"Point","coordinates":[3.49,6.6]},"properties":{"p":536}},{"type":"Feature","geometry":{"type":"Point","coordinates":[8.33,4.96]},"properties":{"p":462}},{"type":"Feature","geometry":{"type":"Point","coordinates":[6.01,9.08]},"properties":{"p":172}},{"type":"Feature","geometry":{"type":"Point","coordinates":[5.63,6.34]},"properties":{"p":1125}},{"type":"Feature","geometry":{"type":"Point","coordinates":[9.84,10.31]},"properties":{"p":316}},{"type":"Feature","geometry":{"type":"Point","coordinates":[7.07,6.21]},"properties":{"p":168}},{"type":"Feature","geometry":{"type":"Point","coordinates":[6.75,6.01]},"properties":{"p":230}},{"type":"Feature","geometry":{"type":"Point","coordinates":[5.19,7.25]},"properties":{"p":421}},{"type":"Feature","geometry":{"type":"Point","coordinates":[5.22,7.62]},"properties":{"p":424}},{"type":"Feature","geometry":{"type":"Point","coordinates":[7.5,9.06]},"properties":{"p":590}},{"type":"Feature","geometry":{"type":"Point","coordinates":[3.35,7.16]},"properties":{"p":593}},{"type":"Feature","geometry":{"type":"Point","coordinates":[7.37,5.11]},"properties":{"p":898}},{"type":"Feature","geometry":{"type":"Point","coordinates":[9.66,11.56]},"properties":{"p":200}},{"type":"Feature","geometry":{"type":"Point","coordinates":[-86.25,12.13]},"properties":{"p":973}},{"type":"Feature","geometry":{"type":"Point","coordinates":[5.12,52.09]},"properties":{"p":291}},{"type":"Feature","geometry":{"type":"Point","coordinates":[5.09,51.56]},"properties":{"p":200}},{"type":"Feature","geometry":{"type":"Point","coordinates":[4.3,52.08]},"properties":{"p":474}},{"type":"Feature","geometry":{"type":"Point","coordinates":[4.48,51.92]},"properties":{"p":598}},{"type":"Feature","geometry":{"type":"Point","coordinates":[5.85,51.84]},"properties":{"p":159}},{"type":"Feature","geometry":{"type":"Point","coordinates":[6.57,53.22]},"properties":{"p":181}},{"type":"Feature","geometry":{"type":"Point","coordinates":[6.9,52.22]},"properties":{"p":154}},{"type":"Feature","geometry":{"type":"Point","coordinates":[5.48,51.44]},"properties":{"p":210}},{"type":"Feature","geometry":{"type":"Point","coordinates":[4.78,51.59]},"properties":{"p":168}},{"type":"Feature","geometry":{"type":"Point","coordinates":[4.89,52.37]},"properties":{"p":742}},{"type":"Feature","geometry":{"type":"Point","coordinates":[5.21,52.37]},"properties":{"p":176}},{"type":"Feature","geometry":{"type":"Point","coordinates":[10.75,59.91]},"properties":{"p":580}},{"type":"Feature","geometry":{"type":"Point","coordinates":[5.32,60.39]},"properties":{"p":214}},{"type":"Feature","geometry":{"type":"Point","coordinates":[83.97,28.27]},"properties":{"p":200}},{"type":"Feature","geometry":{"type":"Point","coordinates":[85.31,27.68]},"properties":{"p":183}},{"type":"Feature","geometry":{"type":"Point","coordinates":[85.32,27.7]},"properties":{"p":1442}},{"type":"Feature","geometry":{"type":"Point","coordinates":[87.27,26.46]},"properties":{"p":182}},{"type":"Feature","geometry":{"type":"Point","coordinates":[174.78,-41.29]},"properties":{"p":382}},{"type":"Feature","geometry":{"type":"Point","coordinates":[174.75,-36.8]},"properties":{"p":208}},{"type":"Feature","geometry":{"type":"Point","coordinates":[174.88,-36.99]},"properties":{"p":362}},{"type":"Feature","geometry":{"type":"Point","coordinates":[175.28,-37.78]},"properties":{"p":153}},{"type":"Feature","geometry":{"type":"Point","coordinates":[172.63,-43.53]},"properties":{"p":364}},{"type":"Feature","geometry":{"type":"Point","coordinates":[174.76,-36.85]},"properties":{"p":418}},{"type":"Feature","geometry":{"type":"Point","coordinates":[54.09,17.02]},"properties":{"p":163}},{"type":"Feature","geometry":{"type":"Point","coordinates":[58.41,23.58]},"properties":{"p":797}},{"type":"Feature","geometry":{"type":"Point","coordinates":[58.4,23.58]},"properties":{"p":159}},{"type":"Feature","geometry":{"type":"Point","coordinates":[58.19,23.67]},"properties":{"p":238}},{"type":"Feature","geometry":{"type":"Point","coordinates":[-79.47,9.05]},"properties":{"p":322}},{"type":"Feature","geometry":{"type":"Point","coordinates":[-79.52,8.99]},"properties":{"p":408}},{"type":"Feature","geometry":{"type":"Point","coordinates":[-79.03,-8.12]},"properties":{"p":747}},{"type":"Feature","geometry":{"type":"Point","coordinates":[-80.69,-4.9]},"properties":{"p":161}},{"type":"Feature","geometry":{"type":"Point","coordinates":[-74.55,-8.38]},"properties":{"p":311}},{"type":"Feature","geometry":{"type":"Point","coordinates":[-80.63,-5.19]},"properties":{"p":325}},{"type":"Feature","geometry":{"type":"Point","coordinates":[-73.25,-3.75]},"properties":{"p":438}},{"type":"Feature","geometry":{"type":"Point","coordinates":[-78.58,-9.09]},"properties":{"p":317}},{"type":"Feature","geometry":{"type":"Point","coordinates":[-79.84,-6.77]},"properties":{"p":577}},{"type":"Feature","geometry":{"type":"Point","coordinates":[-70.25,-18.01]},"properties":{"p":280}},{"type":"Feature","geometry":{"type":"Point","coordinates":[-77.01,-12.14]},"properties":{"p":252}},{"type":"Feature","geometry":{"type":"Point","coordinates":[-77.03,-12.04]},"properties":{"p":7737}},{"type":"Feature","geometry":{"type":"Point","coordinates":[-70.13,-15.5]},"properties":{"p":246}},{"type":"Feature","geometry":{"type":"Point","coordinates":[-75.73,-14.07]},"properties":{"p":247}},{"type":"Feature","geometry":{"type":"Point","coordinates":[-75.2,-12.07]},"properties":{"p":377}},{"type":"Feature","geometry":{"type":"Point","coordinates":[-71.97,-13.52]},"properties":{"p":312}},{"type":"Feature","geometry":{"type":"Point","coordinates":[-76.13,-13.41]},"properties":{"p":153}},{"type":"Feature","geometry":{"type":"Point","coordinates":[-77.12,-12.06]},"properties":{"p":813}},{"type":"Feature","geometry":{"type":"Point","coordinates":[-71.53,-16.4]},"properties":{"p":841}},{"type":"Feature","geometry":{"type":"Point","coordinates":[147.15,-9.48]},"properties":{"p":284}},{"type":"Feature","geometry":{"type":"Point","coordinates":[122.07,6.91]},"properties":{"p":458}},{"type":"Feature","geometry":{"type":"Point","coordinates":[123.64,10.38]},"properties":{"p":157}},{"type":"Feature","geometry":{"type":"Point","coordinates":[121.13,14.56]},"properties":{"p":231}},{"type":"Feature","geometry":{"type":"Point","coordinates":[120.6,15.48]},"properties":{"p":184}},{"type":"Feature","geometry":{"type":"Point","coordinates":[125.8,7.45]},"properties":{"p":233}},{"type":"Feature","geometry":{"type":"Point","coordinates":[121.08,14.52]},"properties":{"p":644}},{"type":"Feature","geometry":{"type":"Point","coordinates":[125,11.24]},"properties":{"p":242}},{"type":"Feature","geometry":{"type":"Point","coordinates":[120.57,15.16]},"properties":{"p":299}},{"type":"Feature","geometry":{"type":"Point","coordinates":[121.11,14.31]},"properties":{"p":217}},{"type":"Feature","geometry":{"type":"Point","coordinates":[121.05,14.36]},"properties":{"p":270}},{"type":"Feature","geometry":{"type":"Point","coordinates":[121.33,14.07]},"properties":{"p":208}},{"type":"Feature","geometry":{"type":"Point","coordinates":[121.05,14.81]},"properties":{"p":358}},{"type":"Feature","geometry":{"type":"Point","coordinates":[120.68,15.03]},"properties":{"p":251}},{"type":"Feature","geometry":{"type":"Point","coordinates":[121.05,14.65]},"properties":{"p":2762}},{"type":"Feature","geometry":{"type":"Point","coordinates":[118.74,9.74]},"properties":{"p":223}},{"type":"Feature","geometry":{"type":"Point","coordinates":[121,14.54]},"properties":{"p":417}},{"type":"Feature","geometry":{"type":"Point","coordinates":[125.01,11.25]},"properties":{"p":189}},{"type":"Feature","geometry":{"type":"Point","coordinates":[123.44,7.83]},"properties":{"p":187}},{"type":"Feature","geometry":{"type":"Point","coordinates":[124.61,11.01]},"properties":{"p":191}},{"type":"Feature","geometry":{"type":"Point","coordinates":[120.28,14.83]},"properties":{"p":221}},{"type":"Feature","geometry":{"type":"Point","coordinates":[120.95,14.67]},"properties":{"p":249}},{"type":"Feature","geometry":{"type":"Point","coordinates":[123.18,13.62]},"properties":{"p":175}},{"type":"Feature","geometry":{"type":"Point","coordinates":[120.96,14.74]},"properties":{"p":185}},{"type":"Feature","geometry":{"type":"Point","coordinates":[124.22,8.17]},"properties":{"p":265}},{"type":"Feature","geometry":{"type":"Point","coordinates":[122.98,10.63]},"properties":{"p":454}},{"type":"Feature","geometry":{"type":"Point","coordinates":[120.98,14.6]},"properties":{"p":1600}},{"type":"Feature","geometry":{"type":"Point","coordinates":[123.92,10.32]},"properties":{"p":331}},{"type":"Feature","geometry":{"type":"Point","coordinates":[121.04,14.58]},"properties":{"p":306}},{"type":"Feature","geometry":{"type":"Point","coordinates":[120.81,14.84]},"properties":{"p":199}},{"type":"Feature","geometry":{"type":"Point","coordinates":[121.03,14.55]},"properties":{"p":510}},{"type":"Feature","geometry":{"type":"Point","coordinates":[120.57,15.22]},"properties":{"p":188}},{"type":"Feature","geometry":{"type":"Point","coordinates":[121.62,13.93]},"properties":{"p":229}},{"type":"Feature","geometry":{"type":"Point","coordinates":[121.16,13.94]},"properties":{"p":212}},{"type":"Feature","geometry":{"type":"Point","coordinates":[125.5,8.94]},"properties":{"p":250}},{"type":"Feature","geometry":{"type":"Point","coordinates":[123.74,13.14]},"properties":{"p":179}},{"type":"Feature","geometry":{"type":"Point","coordinates":[120.98,14.45]},"properties":{"p":590}},{"type":"Feature","geometry":{"type":"Point","coordinates":[123.95,10.31]},"properties":{"p":350}},{"type":"Feature","geometry":{"type":"Point","coordinates":[120.94,14.43]},"properties":{"p":216}},{"type":"Feature","geometry":{"type":"Point","coordinates":[122.56,10.7]},"properties":{"p":388}},{"type":"Feature","geometry":{"type":"Point","coordinates":[124.4,8.25]},"properties":{"p":312}},{"type":"Feature","geometry":{"type":"Point","coordinates":[124.24,8.23]},"properties":{"p":343}},{"type":"Feature","geometry":{"type":"Point","coordinates":[120.98,14.84]},"properties":{"p":155}},{"type":"Feature","geometry":{"type":"Point","coordinates":[125.17,6.11]},"properties":{"p":680}},{"type":"Feature","geometry":{"type":"Point","coordinates":[125.61,7.07]},"properties":{"p":1213}},{"type":"Feature","geometry":{"type":"Point","coordinates":[120.94,14.33]},"properties":{"p":442}},{"type":"Feature","geometry":{"type":"Point","coordinates":[120.33,16.04]},"properties":{"p":171}},{"type":"Feature","geometry":{"type":"Point","coordinates":[124.25,7.22]},"properties":{"p":179}},{"type":"Feature","geometry":{"type":"Point","coordinates":[123.89,10.32]},"properties":{"p":799}},{"type":"Feature","geometry":{"type":"Point","coordinates":[120.97,14.65]},"properties":{"p":1500}},{"type":"Feature","geometry":{"type":"Point","coordinates":[121.17,14.21]},"properties":{"p":317}},{"type":"Feature","geometry":{"type":"Point","coordinates":[121.12,14.58]},"properties":{"p":283}},{"type":"Feature","geometry":{"type":"Point","coordinates":[124.65,8.48]},"properties":{"p":445}},{"type":"Feature","geometry":{"type":"Point","coordinates":[121.13,14.27]},"properties":{"p":309}},{"type":"Feature","geometry":{"type":"Point","coordinates":[120.97,15.49]},"properties":{"p":220}},{"type":"Feature","geometry":{"type":"Point","coordinates":[125.54,8.95]},"properties":{"p":310}},{"type":"Feature","geometry":{"type":"Point","coordinates":[124.44,7.2]},"properties":{"p":1274}},{"type":"Feature","geometry":{"type":"Point","coordinates":[121.19,14.46]},"properties":{"p":219}},{"type":"Feature","geometry":{"type":"Point","coordinates":[121.08,14.34]},"properties":{"p":300}},{"type":"Feature","geometry":{"type":"Point","coordinates":[121.06,13.76]},"properties":{"p":237}},{"type":"Feature","geometry":{"type":"Point","coordinates":[120.59,16.42]},"properties":{"p":273}},{"type":"Feature","geometry":{"type":"Point","coordinates":[122.83,10.53]},"properties":{"p":150}},{"type":"Feature","geometry":{"type":"Point","coordinates":[120.94,14.46]},"properties":{"p":357}},{"type":"Feature","geometry":{"type":"Point","coordinates":[122.95,10.67]},"properties":{"p":455}},{"type":"Feature","geometry":{"type":"Point","coordinates":[121.12,14.63]},"properties":{"p":550}},{"type":"Feature","geometry":{"type":"Point","coordinates":[120.58,15.15]},"properties":{"p":299}},{"type":"Feature","geometry":{"type":"Point","coordinates":[124.48,7.16]},"properties":{"p":1122}},{"type":"Feature","geometry":{"type":"Point","coordinates":[121.06,14.59]},"properties":{"p":617}},{"type":"Feature","geometry":{"type":"Point","coordinates":[72.29,33.99]},"properties":{"p":150}},{"type":"Feature","geometry":{"type":"Point","coordinates":[68.86,27.7]},"properties":{"p":418}},{"type":"Feature","geometry":{"type":"Point","coordinates":[74.53,32.49]},"properties":{"p":477}},{"type":"Feature","geometry":{"type":"Point","coordinates":[68.64,27.96]},"properties":{"p":157}},{"type":"Feature","geometry":{"type":"Point","coordinates":[73.99,31.71]},"properties":{"p":361}},{"type":"Feature","geometry":{"type":"Point","coordinates":[73.49,31.57]},"properties":{"p":200}},{"type":"Feature","geometry":{"type":"Point","coordinates":[72.67,32.09]},"properties":{"p":543}},{"type":"Feature","geometry":{"type":"Point","coordinates":[73.1,30.67]},"properties":{"p":236}},{"type":"Feature","geometry":{"type":"Point","coordinates":[70.13,28.31]},"properties":{"p":190}},{"type":"Feature","geometry":{"type":"Point","coordinates":[73.05,33.6]},"properties":{"p":1743}},{"type":"Feature","geometry":{"type":"Point","coordinates":[70.3,28.42]},"properties":{"p":789}},{"type":"Feature","geometry":{"type":"Point","coordinates":[67,30.18]},"properties":{"p":734}},{"type":"Feature","geometry":{"type":"Point","coordinates":[71.58,34.01]},"properties":{"p":1219}},{"type":"Feature","geometry":{"type":"Point","coordinates":[73.45,30.81]},"properties":{"p":224}},{"type":"Feature","geometry":{"type":"Point","coordinates":[68.4,26.24]},"properties":{"p":230}},{"type":"Feature","geometry":{"type":"Point","coordinates":[71.19,30.07]},"properties":{"p":165}},{"type":"Feature","geometry":{"type":"Point","coordinates":[73.47,34.37]},"properties":{"p":725}},{"type":"Feature","geometry":{"type":"Point","coordinates":[74.26,31.8]},"properties":{"p":164}},{"type":"Feature","geometry":{"type":"Point","coordinates":[71.48,30.2]},"properties":{"p":1437}},{"type":"Feature","geometry":{"type":"Point","coordinates":[69.01,25.53]},"properties":{"p":216}},{"type":"Feature","geometry":{"type":"Point","coordinates":[72.36,34.78]},"properties":{"p":280}},{"type":"Feature","geometry":{"type":"Point","coordinates":[72.05,34.2]},"properties":{"p":300}},{"type":"Feature","geometry":{"type":"Point","coordinates":[67.21,24.94]},"properties":{"p":300}},{"type":"Feature","geometry":{"type":"Point","coordinates":[68.21,27.56]},"properties":{"p":364}},{"type":"Feature","geometry":{"type":"Point","coordinates":[74.35,31.56]},"properties":{"p":6311}},{"type":"Feature","geometry":{"type":"Point","coordinates":[73.9,33.52]},"properties":{"p":640}},{"type":"Feature","geometry":{"type":"Point","coordinates":[71.45,33.58]},"properties":{"p":151}},{"type":"Feature","geometry":{"type":"Point","coordinates":[74.45,31.12]},"properties":{"p":291}},{"type":"Feature","geometry":{"type":"Point","coordinates":[67.01,24.86]},"properties":{"p":11624}},{"type":"Feature","geometry":{"type":"Point","coordinates":[74.22,31.98]},"properties":{"p":200}},{"type":"Feature","geometry":{"type":"Point","coordinates":[72.32,31.27]},"properties":{"p":341}},{"type":"Feature","geometry":{"type":"Point","coordinates":[68.44,28.28]},"properties":{"p":171}},{"type":"Feature","geometry":{"type":"Point","coordinates":[73.04,33.72]},"properties":{"p":602}},{"type":"Feature","geometry":{"type":"Point","coordinates":[68.37,25.39]},"properties":{"p":1386}},{"type":"Feature","geometry":{"type":"Point","coordinates":[73.69,32.07]},"properties":{"p":154}},{"type":"Feature","geometry":{"type":"Point","coordinates":[74.08,32.57]},"properties":{"p":302}},{"type":"Feature","geometry":{"type":"Point","coordinates":[74.19,32.16]},"properties":{"p":1384}},{"type":"Feature","geometry":{"type":"Point","coordinates":[73.09,31.42]},"properties":{"p":2507}},{"type":"Feature","geometry":{"type":"Point","coordinates":[70.64,30.05]},"properties":{"p":236}},{"type":"Feature","geometry":{"type":"Point","coordinates":[72.98,31.72]},"properties":{"p":202}},{"type":"Feature","geometry":{"type":"Point","coordinates":[72.65,30.17]},"properties":{"p":184}},{"type":"Feature","geometry":{"type":"Point","coordinates":[74.08,32.97]},"properties":{"p":343}},{"type":"Feature","geometry":{"type":"Point","coordinates":[73.02,34.68]},"properties":{"p":700}},{"type":"Feature","geometry":{"type":"Point","coordinates":[71.68,29.4]},"properties":{"p":553}},{"type":"Feature","geometry":{"type":"Point","coordinates":[21.01,52.23]},"properties":{"p":1702}},{"type":"Feature","geometry":{"type":"Point","coordinates":[22,50.04]},"properties":{"p":158}},{"type":"Feature","geometry":{"type":"Point","coordinates":[21.15,51.4]},"properties":{"p":227}},{"type":"Feature","geometry":{"type":"Point","coordinates":[20.49,53.78]},"properties":{"p":172}},{"type":"Feature","geometry":{"type":"Point","coordinates":[21.03,52.19]},"properties":{"p":213}},{"type":"Feature","geometry":{"type":"Point","coordinates":[22.57,51.25]},"properties":{"p":360}},{"type":"Feature","geometry":{"type":"Point","coordinates":[20.63,50.87]},"properties":{"p":209}},{"type":"Feature","geometry":{"type":"Point","coordinates":[23.16,53.13]},"properties":{"p":292}},{"type":"Feature","geometry":{"type":"Point","coordinates":[18.79,50.32]},"properties":{"p":192}},{"type":"Feature","geometry":{"type":"Point","coordinates":[17.03,51.1]},"properties":{"p":635}},{"type":"Feature","geometry":{"type":"Point","coordinates":[18.6,53.01]},"properties":{"p":209}},{"type":"Feature","geometry":{"type":"Point","coordinates":[14.55,53.43]},"properties":{"p":408}},{"type":"Feature","geometry":{"type":"Point","coordinates":[19.1,50.29]},"properties":{"p":227}},{"type":"Feature","geometry":{"type":"Point","coordinates":[16.93,52.41]},"properties":{"p":570}},{"type":"Feature","geometry":{"type":"Point","coordinates":[19.47,51.77]},"properties":{"p":769}},{"type":"Feature","geometry":{"type":"Point","coordinates":[19.94,50.06]},"properties":{"p":755}},{"type":"Feature","geometry":{"type":"Point","coordinates":[19.03,50.26]},"properties":{"p":317}},{"type":"Feature","geometry":{"type":"Point","coordinates":[18.68,50.3]},"properties":{"p":199}},{"type":"Feature","geometry":{"type":"Point","coordinates":[18.53,54.52]},"properties":{"p":254}},{"type":"Feature","geometry":{"type":"Point","coordinates":[18.65,54.35]},"properties":{"p":462}},{"type":"Feature","geometry":{"type":"Point","coordinates":[19.12,50.8]},"properties":{"p":248}},{"type":"Feature","geometry":{"type":"Point","coordinates":[18.93,50.35]},"properties":{"p":189}},{"type":"Feature","geometry":{"type":"Point","coordinates":[18.01,53.12]},"properties":{"p":366}},{"type":"Feature","geometry":{"type":"Point","coordinates":[19.05,49.82]},"properties":{"p":177}},{"type":"Feature","geometry":{"type":"Point","coordinates":[21.09,52.24]},"properties":{"p":188}},{"type":"Feature","geometry":{"type":"Point","coordinates":[-66.16,18.4]},"properties":{"p":203}},{"type":"Feature","geometry":{"type":"Point","coordinates":[-65.96,18.38]},"properties":{"p":170}},{"type":"Feature","geometry":{"type":"Point","coordinates":[-66.62,18.01]},"properties":{"p":153}},{"type":"Feature","geometry":{"type":"Point","coordinates":[-66.11,18.47]},"properties":{"p":418}},{"type":"Feature","geometry":{"type":"Point","coordinates":[34.31,31.34]},"properties":{"p":173}},{"type":"Feature","geometry":{"type":"Point","coordinates":[34.48,31.53]},"properties":{"p":169}},{"type":"Feature","geometry":{"type":"Point","coordinates":[34.47,31.5]},"properties":{"p":410}},{"type":"Feature","geometry":{"type":"Point","coordinates":[35.09,31.53]},"properties":{"p":160}},{"type":"Feature","geometry":{"type":"Point","coordinates":[35.23,31.78]},"properties":{"p":428}},{"type":"Feature","geometry":{"type":"Point","coordinates":[-9.13,38.72]},"properties":{"p":518}},{"type":"Feature","geometry":{"type":"Point","coordinates":[-9.23,38.75]},"properties":{"p":179}},{"type":"Feature","geometry":{"type":"Point","coordinates":[-8.61,41.15]},"properties":{"p":250}},{"type":"Feature","geometry":{"type":"Point","coordinates":[-57.51,-25.34]},"properties":{"p":228}},{"type":"Feature","geometry":{"type":"Point","coordinates":[-54.61,-25.51]},"properties":{"p":321}},{"type":"Feature","geometry":{"type":"Point","coordinates":[-57.45,-25.36]},"properties":{"p":199}},{"type":"Feature","geometry":{"type":"Point","coordinates":[-57.65,-25.29]},"properties":{"p":1482}},{"type":"Feature","geometry":{"type":"Point","coordinates":[51.42,25.29]},"properties":{"p":272}},{"type":"Feature","geometry":{"type":"Point","coordinates":[51.53,25.29]},"properties":{"p":345}},{"type":"Feature","geometry":{"type":"Point","coordinates":[21.23,45.75]},"properties":{"p":315}},{"type":"Feature","geometry":{"type":"Point","coordinates":[24.15,45.8]},"properties":{"p":152}},{"type":"Feature","geometry":{"type":"Point","coordinates":[26.02,44.95]},"properties":{"p":229}},{"type":"Feature","geometry":{"type":"Point","coordinates":[24.87,44.85]},"properties":{"p":168}},{"type":"Feature","geometry":{"type":"Point","coordinates":[21.92,47.05]},"properties":{"p":207}},{"type":"Feature","geometry":{"type":"Point","coordinates":[27.6,47.17]},"properties":{"p":318}},{"type":"Feature","geometry":{"type":"Point","coordinates":[28.05,45.44]},"properties":{"p":294}},{"type":"Feature","geometry":{"type":"Point","coordinates":[23.8,44.32]},"properties":{"p":304}},{"type":"Feature","geometry":{"type":"Point","coordinates":[28.63,44.18]},"properties":{"p":303}},{"type":"Feature","geometry":{"type":"Point","coordinates":[23.6,46.77]},"properties":{"p":317}},{"type":"Feature","geometry":{"type":"Point","coordinates":[26.11,44.43]},"properties":{"p":1877}},{"type":"Feature","geometry":{"type":"Point","coordinates":[25.61,45.65]},"properties":{"p":276}},{"type":"Feature","geometry":{"type":"Point","coordinates":[27.97,45.27]},"properties":{"p":214}},{"type":"Feature","geometry":{"type":"Point","coordinates":[26.91,46.57]},"properties":{"p":171}},{"type":"Feature","geometry":{"type":"Point","coordinates":[21.32,46.18]},"properties":{"p":169}},{"type":"Feature","geometry":{"type":"Point","coordinates":[26.05,44.49]},"properties":{"p":225}},{"type":"Feature","geometry":{"type":"Point","coordinates":[26.13,44.45]},"properties":{"p":345}},{"type":"Feature","geometry":{"type":"Point","coordinates":[26.17,44.42]},"properties":{"p":385}},{"type":"Feature","geometry":{"type":"Point","coordinates":[26.12,44.38]},"properties":{"p":288}},{"type":"Feature","geometry":{"type":"Point","coordinates":[26.07,44.39]},"properties":{"p":272}},{"type":"Feature","geometry":{"type":"Point","coordinates":[26.02,44.44]},"properties":{"p":368}},{"type":"Feature","geometry":{"type":"Point","coordinates":[20.4,44.85]},"properties":{"p":156}},{"type":"Feature","geometry":{"type":"Point","coordinates":[21.9,43.32]},"properties":{"p":250}},{"type":"Feature","geometry":{"type":"Point","coordinates":[20.47,44.8]},"properties":{"p":1274}},{"type":"Feature","geometry":{"type":"Point","coordinates":[19.84,45.25]},"properties":{"p":215}},{"type":"Feature","geometry":{"type":"Point","coordinates":[59.65,55.17]},"properties":{"p":191}},{"type":"Feature","geometry":{"type":"Point","coordinates":[37.85,55.7]},"properties":{"p":150}},{"type":"Feature","geometry":{"type":"Point","coordinates":[37.18,55.98]},"properties":{"p":216}},{"type":"Feature","geometry":{"type":"Point","coordinates":[47.89,56.64]},"properties":{"p":279}},{"type":"Feature","geometry":{"type":"Point","coordinates":[37.52,55.61]},"properties":{"p":180}},{"type":"Feature","geometry":{"type":"Point","coordinates":[39.87,57.63]},"properties":{"p":607}},{"type":"Feature","geometry":{"type":"Point","coordinates":[37.81,55.7]},"properties":{"p":216}},{"type":"Feature","geometry":{"type":"Point","coordinates":[39.18,51.67]},"properties":{"p":849}},{"type":"Feature","geometry":{"type":"Point","coordinates":[44.78,48.79]},"properties":{"p":323}},{"type":"Feature","geometry":{"type":"Point","coordinates":[39.88,59.22]},"properties":{"p":315}},{"type":"Feature","geometry":{"type":"Point","coordinates":[44.5,48.72]},"properties":{"p":1011}},{"type":"Feature","geometry":{"type":"Point","coordinates":[42.15,47.51]},"properties":{"p":168}},{"type":"Feature","geometry":{"type":"Point","coordinates":[40.4,56.14]},"properties":{"p":310}},{"type":"Feature","geometry":{"type":"Point","coordinates":[44.67,43.04]},"properties":{"p":317}},{"type":"Feature","geometry":{"type":"Point","coordinates":[48.39,54.33]},"properties":{"p":641}},{"type":"Feature","geometry":{"type":"Point","coordinates":[55.97,54.74]},"properties":{"p":1033}},{"type":"Feature","geometry":{"type":"Point","coordinates":[35.9,56.86]},"properties":{"p":400}},{"type":"Feature","geometry":{"type":"Point","coordinates":[37.62,54.2]},"properties":{"p":469}},{"type":"Feature","geometry":{"type":"Point","coordinates":[49.35,53.53]},"properties":{"p":703}},{"type":"Feature","geometry":{"type":"Point","coordinates":[41.44,52.73]},"properties":{"p":291}},{"type":"Feature","geometry":{"type":"Point","coordinates":[38.9,47.24]},"properties":{"p":279}},{"type":"Feature","geometry":{"type":"Point","coordinates":[48.47,53.16]},"properties":{"p":189}},{"type":"Feature","geometry":{"type":"Point","coordinates":[50.82,61.66]},"properties":{"p":230}},{"type":"Feature","geometry":{"type":"Point","coordinates":[37.41,55.82]},"properties":{"p":152}},{"type":"Feature","geometry":{"type":"Point","coordinates":[55.95,53.62]},"properties":{"p":267}},{"type":"Feature","geometry":{"type":"Point","coordinates":[41.97,45.04]},"properties":{"p":363}},{"type":"Feature","geometry":{"type":"Point","coordinates":[37.84,51.3]},"properties":{"p":227}},{"type":"Feature","geometry":{"type":"Point","coordinates":[39.73,43.6]},"properties":{"p":328}},{"type":"Feature","geometry":{"type":"Point","coordinates":[32.04,54.78]},"properties":{"p":321}},{"type":"Feature","geometry":{"type":"Point","coordinates":[40.21,47.71]},"properties":{"p":221}},{"type":"Feature","geometry":{"type":"Point","coordinates":[39.83,64.56]},"properties":{"p":194}},{"type":"Feature","geometry":{"type":"Point","coordinates":[37.55,55.94]},"properties":{"p":200}},{"type":"Feature","geometry":{"type":"Point","coordinates":[46.01,51.54]},"properties":{"p":864}},{"type":"Feature","geometry":{"type":"Point","coordinates":[45.17,54.18]},"properties":{"p":303}},{"type":"Feature","geometry":{"type":"Point","coordinates":[30.31,59.94]},"properties":{"p":5028}},{"type":"Feature","geometry":{"type":"Point","coordinates":[50.15,53.2]},"properties":{"p":1135}},{"type":"Feature","geometry":{"type":"Point","coordinates":[55.91,53.38]},"properties":{"p":160}},{"type":"Feature","geometry":{"type":"Point","coordinates":[38.84,58.04]},"properties":{"p":217}},{"type":"Feature","geometry":{"type":"Point","coordinates":[39.69,54.63]},"properties":{"p":520}},{"type":"Feature","geometry":{"type":"Point","coordinates":[39.72,47.23]},"properties":{"p":1074}},{"type":"Feature","geometry":{"type":"Point","coordinates":[28.35,57.81]},"properties":{"p":202}},{"type":"Feature","geometry":{"type":"Point","coordinates":[37.55,55.42]},"properties":{"p":179}},{"type":"Feature","geometry":{"type":"Point","coordinates":[34.35,61.78]},"properties":{"p":265}},{"type":"Feature","geometry":{"type":"Point","coordinates":[56.25,58.01]},"properties":{"p":982}},{"type":"Feature","geometry":{"type":"Point","coordinates":[45,53.2]},"properties":{"p":513}},{"type":"Feature","geometry":{"type":"Point","coordinates":[58.57,51.2]},"properties":{"p":247}},{"type":"Feature","geometry":{"type":"Point","coordinates":[55.1,51.77]},"properties":{"p":550}},{"type":"Feature","geometry":{"type":"Point","coordinates":[36.08,52.97]},"properties":{"p":324}},{"type":"Feature","geometry":{"type":"Point","coordinates":[37.77,44.72]},"properties":{"p":242}},{"type":"Feature","geometry":{"type":"Point","coordinates":[40.09,47.42]},"properties":{"p":167}},{"type":"Feature","geometry":{"type":"Point","coordinates":[31.27,58.52]},"properties":{"p":215}},{"type":"Feature","geometry":{"type":"Point","coordinates":[59.97,57.92]},"properties":{"p":381}},{"type":"Feature","geometry":{"type":"Point","coordinates":[44,56.33]},"properties":{"p":1284}},{"type":"Feature","geometry":{"type":"Point","coordinates":[51.82,55.64]},"properties":{"p":234}},{"type":"Feature","geometry":{"type":"Point","coordinates":[44.77,43.23]},"properties":{"p":164}},{"type":"Feature","geometry":{"type":"Point","coordinates":[43.62,43.5]},"properties":{"p":273}},{"type":"Feature","geometry":{"type":"Point","coordinates":[52.41,55.73]},"properties":{"p":510}},{"type":"Feature","geometry":{"type":"Point","coordinates":[37.73,55.91]},"properties":{"p":161}},{"type":"Feature","geometry":{"type":"Point","coordinates":[33.09,68.98]},"properties":{"p":319}},{"type":"Feature","geometry":{"type":"Point","coordinates":[37.62,55.75]},"properties":{"p":10381}},{"type":"Feature","geometry":{"type":"Point","coordinates":[37.72,55.65]},"properties":{"p":243}},{"type":"Feature","geometry":{"type":"Point","coordinates":[47.5,42.98]},"properties":{"p":498}},{"type":"Feature","geometry":{"type":"Point","coordinates":[59.05,53.42]},"properties":{"p":413}},{"type":"Feature","geometry":{"type":"Point","coordinates":[37.76,55.68]},"properties":{"p":172}},{"type":"Feature","geometry":{"type":"Point","coordinates":[37.89,55.68]},"properties":{"p":155}},{"type":"Feature","geometry":{"type":"Point","coordinates":[39.57,52.6]},"properties":{"p":516}},{"type":"Feature","geometry":{"type":"Point","coordinates":[36.19,51.74]},"properties":{"p":409}},{"type":"Feature","geometry":{"type":"Point","coordinates":[38.98,45.04]},"properties":{"p":650}},{"type":"Feature","geometry":{"type":"Point","coordinates":[41.32,56.36]},"properties":{"p":154}},{"type":"Feature","geometry":{"type":"Point","coordinates":[40.93,57.77]},"properties":{"p":278}},{"type":"Feature","geometry":{"type":"Point","coordinates":[49.66,58.6]},"properties":{"p":457}},{"type":"Feature","geometry":{"type":"Point","coordinates":[37.47,55.78]},"properties":{"p":159}},{"type":"Feature","geometry":{"type":"Point","coordinates":[37.43,55.9]},"properties":{"p":240}},{"type":"Feature","geometry":{"type":"Point","coordinates":[49.12,55.79]},"properties":{"p":1105}},{"type":"Feature","geometry":{"type":"Point","coordinates":[36.28,54.53]},"properties":{"p":339}},{"type":"Feature","geometry":{"type":"Point","coordinates":[20.51,54.71]},"properties":{"p":435}},{"type":"Feature","geometry":{"type":"Point","coordinates":[53.2,56.85]},"properties":{"p":631}},{"type":"Feature","geometry":{"type":"Point","coordinates":[40.97,57]},"properties":{"p":421}},{"type":"Feature","geometry":{"type":"Point","coordinates":[45.69,43.31]},"properties":{"p":226}},{"type":"Feature","geometry":{"type":"Point","coordinates":[37.81,55.82]},"properties":{"p":158}},{"type":"Feature","geometry":{"type":"Point","coordinates":[46.11,51.48]},"properties":{"p":196}},{"type":"Feature","geometry":{"type":"Point","coordinates":[43.46,56.24]},"properties":{"p":233}},{"type":"Feature","geometry":{"type":"Point","coordinates":[37.9,59.13]},"properties":{"p":316}},{"type":"Feature","geometry":{"type":"Point","coordinates":[47.25,56.13]},"properties":{"p":447}},{"type":"Feature","geometry":{"type":"Point","coordinates":[34.37,53.25]},"properties":{"p":427}},{"type":"Feature","geometry":{"type":"Point","coordinates":[37.6,55.88]},"properties":{"p":159}},{"type":"Feature","geometry":{"type":"Point","coordinates":[56.82,59.41]},"properties":{"p":168}},{"type":"Feature","geometry":{"type":"Point","coordinates":[36.58,50.61]},"properties":{"p":345}},{"type":"Feature","geometry":{"type":"Point","coordinates":[37.96,55.81]},"properties":{"p":150}},{"type":"Feature","geometry":{"type":"Point","coordinates":[47.8,52.03]},"properties":{"p":200}},{"type":"Feature","geometry":{"type":"Point","coordinates":[48.04,46.35]},"properties":{"p":503}},{"type":"Feature","geometry":{"type":"Point","coordinates":[41.12,44.99]},"properties":{"p":200}},{"type":"Feature","geometry":{"type":"Point","coordinates":[40.54,64.54]},"properties":{"p":356}},{"type":"Feature","geometry":{"type":"Point","coordinates":[60.61,56.85]},"properties":{"p":1350}},{"type":"Feature","geometry":{"type":"Point","coordinates":[65.53,57.15]},"properties":{"p":519}},{"type":"Feature","geometry":{"type":"Point","coordinates":[84.97,56.5]},"properties":{"p":486}},{"type":"Feature","geometry":{"type":"Point","coordinates":[73.42,61.25]},"properties":{"p":300}},{"type":"Feature","geometry":{"type":"Point","coordinates":[81.21,51.51]},"properties":{"p":161}},{"type":"Feature","geometry":{"type":"Point","coordinates":[86.72,53.91]},"properties":{"p":219}},{"type":"Feature","geometry":{"type":"Point","coordinates":[73.37,54.99]},"properties":{"p":1129}},{"type":"Feature","geometry":{"type":"Point","coordinates":[82.93,55.04]},"properties":{"p":1419}},{"type":"Feature","geometry":{"type":"Point","coordinates":[87.11,53.76]},"properties":{"p":540}},{"type":"Feature","geometry":{"type":"Point","coordinates":[76.55,60.93]},"properties":{"p":245}},{"type":"Feature","geometry":{"type":"Point","coordinates":[60.11,55.05]},"properties":{"p":168}},{"type":"Feature","geometry":{"type":"Point","coordinates":[65.33,55.45]},"properties":{"p":343}},{"type":"Feature","geometry":{"type":"Point","coordinates":[92.87,56.02]},"properties":{"p":927}},{"type":"Feature","geometry":{"type":"Point","coordinates":[86.08,55.33]},"properties":{"p":477}},{"type":"Feature","geometry":{"type":"Point","coordinates":[61.93,56.42]},"properties":{"p":183}},{"type":"Feature","geometry":{"type":"Point","coordinates":[61.43,55.15]},"properties":{"p":1063}},{"type":"Feature","geometry":{"type":"Point","coordinates":[85.21,52.54]},"properties":{"p":215}},{"type":"Feature","geometry":{"type":"Point","coordinates":[83.76,53.36]},"properties":{"p":600}},{"type":"Feature","geometry":{"type":"Point","coordinates":[91.43,53.72]},"properties":{"p":167}},{"type":"Feature","geometry":{"type":"Point","coordinates":[129.73,62.03]},"properties":{"p":236}},{"type":"Feature","geometry":{"type":"Point","coordinates":[131.87,43.11]},"properties":{"p":587}},{"type":"Feature","geometry":{"type":"Point","coordinates":[131.95,43.8]},"properties":{"p":157}},{"type":"Feature","geometry":{"type":"Point","coordinates":[107.61,51.83]},"properties":{"p":360}},{"type":"Feature","geometry":{"type":"Point","coordinates":[137.01,50.55]},"properties":{"p":276}},{"type":"Feature","geometry":{"type":"Point","coordinates":[135.08,48.48]},"properties":{"p":579}},{"type":"Feature","geometry":{"type":"Point","coordinates":[104.3,52.3]},"properties":{"p":587}},{"type":"Feature","geometry":{"type":"Point","coordinates":[113.5,52.03]},"properties":{"p":309}},{"type":"Feature","geometry":{"type":"Point","coordinates":[127.54,50.28]},"properties":{"p":221}},{"type":"Feature","geometry":{"type":"Point","coordinates":[103.89,52.54]},"properties":{"p":243}},{"type":"Feature","geometry":{"type":"Point","coordinates":[101.61,56.13]},"properties":{"p":257}},{"type":"Feature","geometry":{"type":"Point","coordinates":[135.13,48.44]},"properties":{"p":578}},{"type":"Feature","geometry":{"type":"Point","coordinates":[142.74,46.95]},"properties":{"p":176}},{"type":"Feature","geometry":{"type":"Point","coordinates":[158.65,53.04]},"properties":{"p":187}},{"type":"Feature","geometry":{"type":"Point","coordinates":[30.25,59.94]},"properties":{"p":203}},{"type":"Feature","geometry":{"type":"Point","coordinates":[30.39,60]},"properties":{"p":505}},{"type":"Feature","geometry":{"type":"Point","coordinates":[30.48,59.97]},"properties":{"p":337}},{"type":"Feature","geometry":{"type":"Point","coordinates":[30.28,59.91]},"properties":{"p":158}},{"type":"Feature","geometry":{"type":"Point","coordinates":[30.36,59.93]},"properties":{"p":215}},{"type":"Feature","geometry":{"type":"Point","coordinates":[30.06,-1.95]},"properties":{"p":745}},{"type":"Feature","geometry":{"type":"Point","coordinates":[38.06,24.09]},"properties":{"p":200}},{"type":"Feature","geometry":{"type":"Point","coordinates":[36.57,28.4]},"properties":{"p":455}},{"type":"Feature","geometry":{"type":"Point","coordinates":[39.59,24.49]},"properties":{"p":947}},{"type":"Feature","geometry":{"type":"Point","coordinates":[44.13,17.49]},"properties":{"p":259}},{"type":"Feature","geometry":{"type":"Point","coordinates":[39.83,21.43]},"properties":{"p":1324}},{"type":"Feature","geometry":{"type":"Point","coordinates":[42.73,18.3]},"properties":{"p":388}},{"type":"Feature","geometry":{"type":"Point","coordinates":[39.19,21.49]},"properties":{"p":2867}},{"type":"Feature","geometry":{"type":"Point","coordinates":[41.69,27.52]},"properties":{"p":267}},{"type":"Feature","geometry":{"type":"Point","coordinates":[45.97,28.43]},"properties":{"p":272}},{"type":"Feature","geometry":{"type":"Point","coordinates":[43.97,26.33]},"properties":{"p":391}},{"type":"Feature","geometry":{"type":"Point","coordinates":[40.42,21.27]},"properties":{"p":531}},{"type":"Feature","geometry":{"type":"Point","coordinates":[46.72,24.69]},"properties":{"p":4206}},{"type":"Feature","geometry":{"type":"Point","coordinates":[49.59,25.41]},"properties":{"p":291}},{"type":"Feature","geometry":{"type":"Point","coordinates":[39.61,24.47]},"properties":{"p":1300}},{"type":"Feature","geometry":{"type":"Point","coordinates":[50.21,26.28]},"properties":{"p":166}},{"type":"Feature","geometry":{"type":"Point","coordinates":[47.33,24.16]},"properties":{"p":425}},{"type":"Feature","geometry":{"type":"Point","coordinates":[49.62,27.02]},"properties":{"p":237}},{"type":"Feature","geometry":{"type":"Point","coordinates":[49.59,25.36]},"properties":{"p":293}},{"type":"Feature","geometry":{"type":"Point","coordinates":[50.1,26.43]},"properties":{"p":769}},{"type":"Feature","geometry":{"type":"Point","coordinates":[42.51,18.22]},"properties":{"p":211}},{"type":"Feature","geometry":{"type":"Point","coordinates":[33.52,14.4]},"properties":{"p":333}},{"type":"Feature","geometry":{"type":"Point","coordinates":[32.48,15.64]},"properties":{"p":1200}},{"type":"Feature","geometry":{"type":"Point","coordinates":[33.93,13.15]},"properties":{"p":250}},{"type":"Feature","geometry":{"type":"Point","coordinates":[24.88,12.05]},"properties":{"p":566}},{"type":"Feature","geometry":{"type":"Point","coordinates":[32.66,13.16]},"properties":{"p":345}},{"type":"Feature","geometry":{"type":"Point","coordinates":[36.4,15.45]},"properties":{"p":401}},{"type":"Feature","geometry":{"type":"Point","coordinates":[37.22,19.62]},"properties":{"p":490}},{"type":"Feature","geometry":{"type":"Point","coordinates":[30.22,13.18]},"properties":{"p":393}},{"type":"Feature","geometry":{"type":"Point","coordinates":[35.38,14.03]},"properties":{"p":364}},{"type":"Feature","geometry":{"type":"Point","coordinates":[32.53,15.55]},"properties":{"p":1975}},{"type":"Feature","geometry":{"type":"Point","coordinates":[22.45,13.45]},"properties":{"p":163}},{"type":"Feature","geometry":{"type":"Point","coordinates":[25.35,13.63]},"properties":{"p":253}},{"type":"Feature","geometry":{"type":"Point","coordinates":[26.13,11.46]},"properties":{"p":265}},{"type":"Feature","geometry":{"type":"Point","coordinates":[34.36,11.79]},"properties":{"p":186}},{"type":"Feature","geometry":{"type":"Point","coordinates":[18.07,59.33]},"properties":{"p":1515}},{"type":"Feature","geometry":{"type":"Point","coordinates":[13,55.61]},"properties":{"p":302}},{"type":"Feature","geometry":{"type":"Point","coordinates":[11.97,57.71]},"properties":{"p":573}},{"type":"Feature","geometry":{"type":"Point","coordinates":[103.85,1.29]},"properties":{"p":3548}},{"type":"Feature","geometry":{"type":"Point","coordinates":[103.79,1.44]},"properties":{"p":253}},{"type":"Feature","geometry":{"type":"Point","coordinates":[14.51,46.05]},"properties":{"p":272}},{"type":"Feature","geometry":{"type":"Point","coordinates":[21.26,48.71]},"properties":{"p":237}},{"type":"Feature","geometry":{"type":"Point","coordinates":[17.11,48.15]},"properties":{"p":424}},{"type":"Feature","geometry":{"type":"Point","coordinates":[-13.24,8.49]},"properties":{"p":803}},{"type":"Feature","geometry":{"type":"Point","coordinates":[-11.74,7.96]},"properties":{"p":174}},{"type":"Feature","geometry":{"type":"Point","coordinates":[-16.27,12.57]},"properties":{"p":160}},{"type":"Feature","geometry":{"type":"Point","coordinates":[-15.88,14.85]},"properties":{"p":529}},{"type":"Feature","geometry":{"type":"Point","coordinates":[-16.97,14.78]},"properties":{"p":252}},{"type":"Feature","geometry":{"type":"Point","coordinates":[-16.93,14.79]},"properties":{"p":320}},{"type":"Feature","geometry":{"type":"Point","coordinates":[-16.49,16.02]},"properties":{"p":176}},{"type":"Feature","geometry":{"type":"Point","coordinates":[-17.39,14.76]},"properties":{"p":874}},{"type":"Feature","geometry":{"type":"Point","coordinates":[-16.07,14.15]},"properties":{"p":172}},{"type":"Feature","geometry":{"type":"Point","coordinates":[-17.44,14.69]},"properties":{"p":2476}},{"type":"Feature","geometry":{"type":"Point","coordinates":[45.34,2.04]},"properties":{"p":2587}},{"type":"Feature","geometry":{"type":"Point","coordinates":[44.77,1.72]},"properties":{"p":230}},{"type":"Feature","geometry":{"type":"Point","coordinates":[42.55,-0.36]},"properties":{"p":235}},{"type":"Feature","geometry":{"type":"Point","coordinates":[42.74,0.07]},"properties":{"p":185}},{"type":"Feature","geometry":{"type":"Point","coordinates":[44.07,9.56]},"properties":{"p":478}},{"type":"Feature","geometry":{"type":"Point","coordinates":[45.01,10.44]},"properties":{"p":242}},{"type":"Feature","geometry":{"type":"Point","coordinates":[-55.17,5.87]},"properties":{"p":224}},{"type":"Feature","geometry":{"type":"Point","coordinates":[27.57,9.01]},"properties":{"p":300}},{"type":"Feature","geometry":{"type":"Point","coordinates":[31.66,9.53]},"properties":{"p":161}},{"type":"Feature","geometry":{"type":"Point","coordinates":[31.58,4.85]},"properties":{"p":450}},{"type":"Feature","geometry":{"type":"Point","coordinates":[-89.14,13.71]},"properties":{"p":330}},{"type":"Feature","geometry":{"type":"Point","coordinates":[-89.56,13.99]},"properties":{"p":177}},{"type":"Feature","geometry":{"type":"Point","coordinates":[-89.19,13.69]},"properties":{"p":526}},{"type":"Feature","geometry":{"type":"Point","coordinates":[-88.18,13.48]},"properties":{"p":162}},{"type":"Feature","geometry":{"type":"Point","coordinates":[-89.19,13.72]},"properties":{"p":160}},{"type":"Feature","geometry":{"type":"Point","coordinates":[36.72,34.73]},"properties":{"p":775}},{"type":"Feature","geometry":{"type":"Point","coordinates":[36.76,35.13]},"properties":{"p":461}},{"type":"Feature","geometry":{"type":"Point","coordinates":[37.16,36.2]},"properties":{"p":1602}},{"type":"Feature","geometry":{"type":"Point","coordinates":[36.29,33.51]},"properties":{"p":1569}},{"type":"Feature","geometry":{"type":"Point","coordinates":[40.14,35.34]},"properties":{"p":243}},{"type":"Feature","geometry":{"type":"Point","coordinates":[39.01,35.95]},"properties":{"p":178}},{"type":"Feature","geometry":{"type":"Point","coordinates":[35.79,35.53]},"properties":{"p":340}},{"type":"Feature","geometry":{"type":"Point","coordinates":[15.04,12.11]},"properties":{"p":721}},{"type":"Feature","geometry":{"type":"Point","coordinates":[1.22,6.13]},"properties":{"p":750}},{"type":"Feature","geometry":{"type":"Point","coordinates":[99.49,18.29]},"properties":{"p":156}},{"type":"Feature","geometry":{"type":"Point","coordinates":[98.98,18.79]},"properties":{"p":201}},{"type":"Feature","geometry":{"type":"Point","coordinates":[102.79,17.42]},"properties":{"p":247}},{"type":"Feature","geometry":{"type":"Point","coordinates":[100.93,13.17]},"properties":{"p":179}},{"type":"Feature","geometry":{"type":"Point","coordinates":[100.6,13.6]},"properties":{"p":389}},{"type":"Feature","geometry":{"type":"Point","coordinates":[100.53,13.66]},"properties":{"p":171}},{"type":"Feature","geometry":{"type":"Point","coordinates":[100.5,13.91]},"properties":{"p":183}},{"type":"Feature","geometry":{"type":"Point","coordinates":[100.51,13.86]},"properties":{"p":292}},{"type":"Feature","geometry":{"type":"Point","coordinates":[102.1,14.97]},"properties":{"p":209}},{"type":"Feature","geometry":{"type":"Point","coordinates":[100.5,13.75]},"properties":{"p":5104}},{"type":"Feature","geometry":{"type":"Point","coordinates":[100.48,7.01]},"properties":{"p":192}},{"type":"Feature","geometry":{"type":"Point","coordinates":[100.98,13.36]},"properties":{"p":219}},{"type":"Feature","geometry":{"type":"Point","coordinates":[68.78,38.54]},"properties":{"p":679}},{"type":"Feature","geometry":{"type":"Point","coordinates":[125.57,-8.56]},"properties":{"p":150}},{"type":"Feature","geometry":{"type":"Point","coordinates":[58.38,37.95]},"properties":{"p":728}},{"type":"Feature","geometry":{"type":"Point","coordinates":[59.97,41.84]},"properties":{"p":167}},{"type":"Feature","geometry":{"type":"Point","coordinates":[63.58,39.07]},"properties":{"p":235}},{"type":"Feature","geometry":{"type":"Point","coordinates":[10.17,36.82]},"properties":{"p":693}},{"type":"Feature","geometry":{"type":"Point","coordinates":[10.64,35.83]},"properties":{"p":164}},{"type":"Feature","geometry":{"type":"Point","coordinates":[10.76,34.74]},"properties":{"p":277}},{"type":"Feature","geometry":{"type":"Point","coordinates":[39.76,37.22]},"properties":{"p":154}},{"type":"Feature","geometry":{"type":"Point","coordinates":[43.38,38.49]},"properties":{"p":372}},{"type":"Feature","geometry":{"type":"Point","coordinates":[29.41,38.67]},"properties":{"p":153}},{"type":"Feature","geometry":{"type":"Point","coordinates":[38.79,37.17]},"properties":{"p":450}},{"type":"Feature","geometry":{"type":"Point","coordinates":[34.89,36.92]},"properties":{"p":256}},{"type":"Feature","geometry":{"type":"Point","coordinates":[39.32,37.76]},"properties":{"p":175}},{"type":"Feature","geometry":{"type":"Point","coordinates":[37.02,39.75]},"properties":{"p":264}},{"type":"Feature","geometry":{"type":"Point","coordinates":[36.25,37.07]},"properties":{"p":203}},{"type":"Feature","geometry":{"type":"Point","coordinates":[34.64,36.81]},"properties":{"p":538}},{"type":"Feature","geometry":{"type":"Point","coordinates":[27.43,38.61]},"properties":{"p":244}},{"type":"Feature","geometry":{"type":"Point","coordinates":[38.32,38.35]},"properties":{"p":442}},{"type":"Feature","geometry":{"type":"Point","coordinates":[29.98,39.42]},"properties":{"p":185}},{"type":"Feature","geometry":{"type":"Point","coordinates":[32.48,37.87]},"properties":{"p":876}},{"type":"Feature","geometry":{"type":"Point","coordinates":[40.58,37.19]},"properties":{"p":150}},{"type":"Feature","geometry":{"type":"Point","coordinates":[33.51,39.85]},"properties":{"p":211}},{"type":"Feature","geometry":{"type":"Point","coordinates":[35.49,38.73]},"properties":{"p":593}},{"type":"Feature","geometry":{"type":"Point","coordinates":[36.93,37.58]},"properties":{"p":376}},{"type":"Feature","geometry":{"type":"Point","coordinates":[27.14,38.41]},"properties":{"p":2501}},{"type":"Feature","geometry":{"type":"Point","coordinates":[30.55,37.76]},"properties":{"p":172}},{"type":"Feature","geometry":{"type":"Point","coordinates":[36.17,36.59]},"properties":{"p":160}},{"type":"Feature","geometry":{"type":"Point","coordinates":[37.38,37.06]},"properties":{"p":1066}},{"type":"Feature","geometry":{"type":"Point","coordinates":[30.52,39.78]},"properties":{"p":515}},{"type":"Feature","geometry":{"type":"Point","coordinates":[41.28,39.91]},"properties":{"p":421}},{"type":"Feature","geometry":{"type":"Point","coordinates":[39.22,38.67]},"properties":{"p":298}},{"type":"Feature","geometry":{"type":"Point","coordinates":[40.22,37.91]},"properties":{"p":645}},{"type":"Feature","geometry":{"type":"Point","coordinates":[29.09,37.77]},"properties":{"p":313}},{"type":"Feature","geometry":{"type":"Point","coordinates":[41.13,37.89]},"properties":{"p":382}},{"type":"Feature","geometry":{"type":"Point","coordinates":[27.89,39.65]},"properties":{"p":238}},{"type":"Feature","geometry":{"type":"Point","coordinates":[27.84,37.85]},"properties":{"p":163}},{"type":"Feature","geometry":{"type":"Point","coordinates":[30.7,36.91]},"properties":{"p":758}},{"type":"Feature","geometry":{"type":"Point","coordinates":[36.16,36.21]},"properties":{"p":210}},{"type":"Feature","geometry":{"type":"Point","coordinates":[32.85,39.92]},"properties":{"p":3517}},{"type":"Feature","geometry":{"type":"Point","coordinates":[34.03,38.37]},"properties":{"p":152}},{"type":"Feature","geometry":{"type":"Point","coordinates":[38.28,37.76]},"properties":{"p":224}},{"type":"Feature","geometry":{"type":"Point","coordinates":[35.33,36.99]},"properties":{"p":1249}},{"type":"Feature","geometry":{"type":"Point","coordinates":[32.73,39.97]},"properties":{"p":300}},{"type":"Feature","geometry":{"type":"Point","coordinates":[28.9,40.99]},"properties":{"p":289}},{"type":"Feature","geometry":{"type":"Point","coordinates":[29.01,41.02]},"properties":{"p":583}},{"type":"Feature","geometry":{"type":"Point","coordinates":[29.12,41.02]},"properties":{"p":573}},{"type":"Feature","geometry":{"type":"Point","coordinates":[39.73,41.01]},"properties":{"p":244}},{"type":"Feature","geometry":{"type":"Point","coordinates":[28.99,41.06]},"properties":{"p":315}},{"type":"Feature","geometry":{"type":"Point","coordinates":[36.34,41.28]},"properties":{"p":394}},{"type":"Feature","geometry":{"type":"Point","coordinates":[29.16,40.94]},"properties":{"p":427}},{"type":"Feature","geometry":{"type":"Point","coordinates":[29.93,40.76]},"properties":{"p":197}},{"type":"Feature","geometry":{"type":"Point","coordinates":[28.95,41.01]},"properties":{"p":14804}},{"type":"Feature","geometry":{"type":"Point","coordinates":[29.43,40.8]},"properties":{"p":281}},{"type":"Feature","geometry":{"type":"Point","coordinates":[28.68,41.03]},"properties":{"p":211}},{"type":"Feature","geometry":{"type":"Point","coordinates":[28.88,41.04]},"properties":{"p":520}},{"type":"Feature","geometry":{"type":"Point","coordinates":[34.95,40.55]},"properties":{"p":183}},{"type":"Feature","geometry":{"type":"Point","coordinates":[27.8,41.16]},"properties":{"p":203}},{"type":"Feature","geometry":{"type":"Point","coordinates":[29.06,40.2]},"properties":{"p":1413}},{"type":"Feature","geometry":{"type":"Point","coordinates":[28.86,41.04]},"properties":{"p":724}},{"type":"Feature","geometry":{"type":"Point","coordinates":[28.74,41.18]},"properties":{"p":198}},{"type":"Feature","geometry":{"type":"Point","coordinates":[30.4,40.78]},"properties":{"p":287}},{"type":"Feature","geometry":{"type":"Point","coordinates":[29.12,40.98]},"properties":{"p":362}},{"type":"Feature","geometry":{"type":"Point","coordinates":[28.8,41.09]},"properties":{"p":194}},{"type":"Feature","geometry":{"type":"Point","coordinates":[28.59,41.02]},"properties":{"p":163}},{"type":"Feature","geometry":{"type":"Point","coordinates":[32.86,39.92]},"properties":{"p":792}},{"type":"Feature","geometry":{"type":"Point","coordinates":[28.86,41]},"properties":{"p":577}},{"type":"Feature","geometry":{"type":"Point","coordinates":[28.87,41.11]},"properties":{"p":437}},{"type":"Feature","geometry":{"type":"Point","coordinates":[29.27,40.96]},"properties":{"p":287}},{"type":"Feature","geometry":{"type":"Point","coordinates":[29.23,41]},"properties":{"p":241}},{"type":"Feature","geometry":{"type":"Point","coordinates":[27.14,38.37]},"properties":{"p":458}},{"type":"Feature","geometry":{"type":"Point","coordinates":[30.76,36.89]},"properties":{"p":450}},{"type":"Feature","geometry":{"type":"Point","coordinates":[29.04,37.81]},"properties":{"p":280}},{"type":"Feature","geometry":{"type":"Point","coordinates":[121.53,25.05]},"properties":{"p":7872}},{"type":"Feature","geometry":{"type":"Point","coordinates":[120.21,22.99]},"properties":{"p":771}},{"type":"Feature","geometry":{"type":"Point","coordinates":[120.68,24.15]},"properties":{"p":1041}},{"type":"Feature","geometry":{"type":"Point","coordinates":[121.47,25.01]},"properties":{"p":543}},{"type":"Feature","geometry":{"type":"Point","coordinates":[120.31,22.62]},"properties":{"p":1520}},{"type":"Feature","geometry":{"type":"Point","coordinates":[121.6,23.98]},"properties":{"p":350}},{"type":"Feature","geometry":{"type":"Point","coordinates":[120.97,24.8]},"properties":{"p":404}},{"type":"Feature","geometry":{"type":"Point","coordinates":[121.74,25.13]},"properties":{"p":398}},{"type":"Feature","geometry":{"type":"Point","coordinates":[121.3,24.99]},"properties":{"p":402}},{"type":"Feature","geometry":{"type":"Point","coordinates":[39.2,-6.16]},"properties":{"p":404}},{"type":"Feature","geometry":{"type":"Point","coordinates":[39.1,-5.07]},"properties":{"p":225}},{"type":"Feature","geometry":{"type":"Point","coordinates":[32.9,-2.52]},"properties":{"p":437}},{"type":"Feature","geometry":{"type":"Point","coordinates":[37.33,-3.35]},"properties":{"p":157}},{"type":"Feature","geometry":{"type":"Point","coordinates":[37.66,-6.82]},"properties":{"p":251}},{"type":"Feature","geometry":{"type":"Point","coordinates":[33.45,-8.9]},"properties":{"p":292}},{"type":"Feature","geometry":{"type":"Point","coordinates":[29.63,-4.88]},"properties":{"p":164}},{"type":"Feature","geometry":{"type":"Point","coordinates":[35.74,-6.17]},"properties":{"p":181}},{"type":"Feature","geometry":{"type":"Point","coordinates":[39.27,-6.82]},"properties":{"p":2699}},{"type":"Feature","geometry":{"type":"Point","coordinates":[36.68,-3.37]},"properties":{"p":341}},{"type":"Feature","geometry":{"type":"Point","coordinates":[28.68,50.26]},"properties":{"p":282}},{"type":"Feature","geometry":{"type":"Point","coordinates":[35.19,47.82]},"properties":{"p":796}},{"type":"Feature","geometry":{"type":"Point","coordinates":[28.48,49.23]},"properties":{"p":352}},{"type":"Feature","geometry":{"type":"Point","coordinates":[25.59,49.55]},"properties":{"p":236}},{"type":"Feature","geometry":{"type":"Point","coordinates":[34.8,50.92]},"properties":{"p":294}},{"type":"Feature","geometry":{"type":"Point","coordinates":[34.11,44.96]},"properties":{"p":336}},{"type":"Feature","geometry":{"type":"Point","coordinates":[33.52,44.61]},"properties":{"p":416}},{"type":"Feature","geometry":{"type":"Point","coordinates":[26.23,50.62]},"properties":{"p":255}},{"type":"Feature","geometry":{"type":"Point","coordinates":[34.54,49.59]},"properties":{"p":318}},{"type":"Feature","geometry":{"type":"Point","coordinates":[30.73,46.48]},"properties":{"p":1002}},{"type":"Feature","geometry":{"type":"Point","coordinates":[32,46.97]},"properties":{"p":511}},{"type":"Feature","geometry":{"type":"Point","coordinates":[35.37,46.85]},"properties":{"p":158}},{"type":"Feature","geometry":{"type":"Point","coordinates":[37.54,47.1]},"properties":{"p":482}},{"type":"Feature","geometry":{"type":"Point","coordinates":[37.93,48.05]},"properties":{"p":377}},{"type":"Feature","geometry":{"type":"Point","coordinates":[24.02,49.84]},"properties":{"p":718}},{"type":"Feature","geometry":{"type":"Point","coordinates":[25.34,50.76]},"properties":{"p":214}},{"type":"Feature","geometry":{"type":"Point","coordinates":[39.32,48.57]},"properties":{"p":452}},{"type":"Feature","geometry":{"type":"Point","coordinates":[30.52,50.45]},"properties":{"p":2798}},{"type":"Feature","geometry":{"type":"Point","coordinates":[33.38,47.91]},"properties":{"p":652}},{"type":"Feature","geometry":{"type":"Point","coordinates":[33.42,49.07]},"properties":{"p":227}},{"type":"Feature","geometry":{"type":"Point","coordinates":[37.56,48.72]},"properties":{"p":174}},{"type":"Feature","geometry":{"type":"Point","coordinates":[32.26,48.51]},"properties":{"p":249}},{"type":"Feature","geometry":{"type":"Point","coordinates":[27,49.42]},"properties":{"p":398}},{"type":"Feature","geometry":{"type":"Point","coordinates":[32.62,46.66]},"properties":{"p":320}},{"type":"Feature","geometry":{"type":"Point","coordinates":[36.25,49.98]},"properties":{"p":1431}},{"type":"Feature","geometry":{"type":"Point","coordinates":[24.71,48.92]},"properties":{"p":204}},{"type":"Feature","geometry":{"type":"Point","coordinates":[38.05,48.34]},"properties":{"p":279}},{"type":"Feature","geometry":{"type":"Point","coordinates":[37.8,48.02]},"properties":{"p":1025}},{"type":"Feature","geometry":{"type":"Point","coordinates":[35.04,48.46]},"properties":{"p":1033}},{"type":"Feature","geometry":{"type":"Point","coordinates":[34.6,48.51]},"properties":{"p":249}},{"type":"Feature","geometry":{"type":"Point","coordinates":[25.94,48.29]},"properties":{"p":236}},{"type":"Feature","geometry":{"type":"Point","coordinates":[31.28,51.51]},"properties":{"p":308}},{"type":"Feature","geometry":{"type":"Point","coordinates":[32.06,49.43]},"properties":{"p":298}},{"type":"Feature","geometry":{"type":"Point","coordinates":[30.11,49.81]},"properties":{"p":199}},{"type":"Feature","geometry":{"type":"Point","coordinates":[32.58,0.32]},"properties":{"p":1353}},{"type":"Feature","geometry":{"type":"Point","coordinates":[-86.8,33.52]},"properties":{"p":212}},{"type":"Feature","geometry":{"type":"Point","coordinates":[-86.59,34.73]},"properties":{"p":191}},{"type":"Feature","geometry":{"type":"Point","coordinates":[-88.04,30.69]},"properties":{"p":194}},{"type":"Feature","geometry":{"type":"Point","coordinates":[-86.3,32.37]},"properties":{"p":201}},{"type":"Feature","geometry":{"type":"Point","coordinates":[-92.29,34.75]},"properties":{"p":198}},{"type":"Feature","geometry":{"type":"Point","coordinates":[-77.04,38.9]},"properties":{"p":602}},{"type":"Feature","geometry":{"type":"Point","coordinates":[-81.95,26.56]},"properties":{"p":175}},{"type":"Feature","geometry":{"type":"Point","coordinates":[-80.14,26.12]},"properties":{"p":179}},{"type":"Feature","geometry":{"type":"Point","coordinates":[-80.28,25.86]},"properties":{"p":237}},{"type":"Feature","geometry":{"type":"Point","coordinates":[-81.66,30.33]},"properties":{"p":868}},{"type":"Feature","geometry":{"type":"Point","coordinates":[-80.19,25.77]},"properties":{"p":441}},{"type":"Feature","geometry":{"type":"Point","coordinates":[-81.38,28.54]},"properties":{"p":271}},{"type":"Feature","geometry":{"type":"Point","coordinates":[-80.22,26]},"properties":{"p":167}},{"type":"Feature","geometry":{"type":"Point","coordinates":[-80.35,27.29]},"properties":{"p":165}},{"type":"Feature","geometry":{"type":"Point","coordinates":[-82.68,27.77]},"properties":{"p":257}},{"type":"Feature","geometry":{"type":"Point","coordinates":[-84.28,30.44]},"properties":{"p":190}},{"type":"Feature","geometry":{"type":"Point","coordinates":[-82.46,27.95]},"properties":{"p":369}},{"type":"Feature","geometry":{"type":"Point","coordinates":[-84.39,33.75]},"properties":{"p":464}},{"type":"Feature","geometry":{"type":"Point","coordinates":[-84.99,32.46]},"properties":{"p":201}},{"type":"Feature","geometry":{"type":"Point","coordinates":[-86.16,39.77]},"properties":{"p":830}},{"type":"Feature","geometry":{"type":"Point","coordinates":[-94.63,39.11]},"properties":{"p":151}},{"type":"Feature","geometry":{"type":"Point","coordinates":[-94.67,38.98]},"properties":{"p":187}},{"type":"Feature","geometry":{"type":"Point","coordinates":[-97.34,37.69]},"properties":{"p":390}},{"type":"Feature","geometry":{"type":"Point","coordinates":[-82.69,38.46]},"properties":{"p":289}},{"type":"Feature","geometry":{"type":"Point","coordinates":[-84.48,37.99]},"properties":{"p":225}},{"type":"Feature","geometry":{"type":"Point","coordinates":[-84.46,38.05]},"properties":{"p":314}},{"type":"Feature","geometry":{"type":"Point","coordinates":[-85.76,38.25]},"properties":{"p":244}},{"type":"Feature","geometry":{"type":"Point","coordinates":[-82.71,38.41]},"properties":{"p":289}},{"type":"Feature","geometry":{"type":"Point","coordinates":[-91.19,30.44]},"properties":{"p":229}},{"type":"Feature","geometry":{"type":"Point","coordinates":[-90.08,29.95]},"properties":{"p":390}},{"type":"Feature","geometry":{"type":"Point","coordinates":[-93.75,32.53]},"properties":{"p":197}},{"type":"Feature","geometry":{"type":"Point","coordinates":[-76.61,39.29]},"properties":{"p":622}},{"type":"Feature","geometry":{"type":"Point","coordinates":[-94.58,39.1]},"properties":{"p":475}},{"type":"Feature","geometry":{"type":"Point","coordinates":[-90.2,38.63]},"properties":{"p":316}},{"type":"Feature","geometry":{"type":"Point","coordinates":[-93.3,37.22]},"properties":{"p":167}},{"type":"Feature","geometry":{"type":"Point","coordinates":[-90.18,32.3]},"properties":{"p":171}},{"type":"Feature","geometry":{"type":"Point","coordinates":[-78.78,35.79]},"properties":{"p":160}},{"type":"Feature","geometry":{"type":"Point","coordinates":[-80.84,35.23]},"properties":{"p":827}},{"type":"Feature","geometry":{"type":"Point","coordinates":[-78.9,35.99]},"properties":{"p":258}},{"type":"Feature","geometry":{"type":"Point","coordinates":[-78.88,35.05]},"properties":{"p":202}},{"type":"Feature","geometry":{"type":"Point","coordinates":[-79.79,36.07]},"properties":{"p":285}},{"type":"Feature","geometry":{"type":"Point","coordinates":[-78.64,35.77]},"properties":{"p":451}},{"type":"Feature","geometry":{"type":"Point","coordinates":[-78.66,35.79]},"properties":{"p":339}},{"type":"Feature","geometry":{"type":"Point","coordinates":[-80.24,36.1]},"properties":{"p":241}},{"type":"Feature","geometry":{"type":"Point","coordinates":[-84.51,39.13]},"properties":{"p":297}},{"type":"Feature","geometry":{"type":"Point","coordinates":[-83,39.96]},"properties":{"p":850}},{"type":"Feature","geometry":{"type":"Point","coordinates":[-97.52,35.47]},"properties":{"p":631}},{"type":"Feature","geometry":{"type":"Point","coordinates":[-95.99,36.15]},"properties":{"p":404}},{"type":"Feature","geometry":{"type":"Point","coordinates":[-75.16,39.95]},"properties":{"p":1567}},{"type":"Feature","geometry":{"type":"Point","coordinates":[-85.31,35.05]},"properties":{"p":177}},{"type":"Feature","geometry":{"type":"Point","coordinates":[-85.25,35.07]},"properties":{"p":154}},{"type":"Feature","geometry":{"type":"Point","coordinates":[-83.92,35.96]},"properties":{"p":185}},{"type":"Feature","geometry":{"type":"Point","coordinates":[-90.05,35.15]},"properties":{"p":656}},{"type":"Feature","geometry":{"type":"Point","coordinates":[-86.78,36.17]},"properties":{"p":531}},{"type":"Feature","geometry":{"type":"Point","coordinates":[-90.06,35.09]},"properties":{"p":642}},{"type":"Feature","geometry":{"type":"Point","coordinates":[-97.11,32.74]},"properties":{"p":388}},{"type":"Feature","geometry":{"type":"Point","coordinates":[-97.74,30.27]},"properties":{"p":932}},{"type":"Feature","geometry":{"type":"Point","coordinates":[-97.5,25.9]},"properties":{"p":184}},{"type":"Feature","geometry":{"type":"Point","coordinates":[-97.4,27.8]},"properties":{"p":324}},{"type":"Feature","geometry":{"type":"Point","coordinates":[-96.81,32.78]},"properties":{"p":1300}},{"type":"Feature","geometry":{"type":"Point","coordinates":[-97.32,32.73]},"properties":{"p":833}},{"type":"Feature","geometry":{"type":"Point","coordinates":[-96.82,33.15]},"properties":{"p":154}},{"type":"Feature","geometry":{"type":"Point","coordinates":[-96.64,32.91]},"properties":{"p":237}},{"type":"Feature","geometry":{"type":"Point","coordinates":[-97,32.75]},"properties":{"p":188}},{"type":"Feature","geometry":{"type":"Point","coordinates":[-95.36,29.76]},"properties":{"p":2296}},{"type":"Feature","geometry":{"type":"Point","coordinates":[-96.95,32.81]},"properties":{"p":237}},{"type":"Feature","geometry":{"type":"Point","coordinates":[-99.51,27.51]},"properties":{"p":255}},{"type":"Feature","geometry":{"type":"Point","coordinates":[-96.62,33.2]},"properties":{"p":163}},{"type":"Feature","geometry":{"type":"Point","coordinates":[-95.21,29.69]},"properties":{"p":154}},{"type":"Feature","geometry":{"type":"Point","coordinates":[-96.7,33.02]},"properties":{"p":284}},{"type":"Feature","geometry":{"type":"Point","coordinates":[-98.49,29.42]},"properties":{"p":1470}},{"type":"Feature","geometry":{"type":"Point","coordinates":[-77.05,38.8]},"properties":{"p":154}},{"type":"Feature","geometry":{"type":"Point","coordinates":[-77.1,38.88]},"properties":{"p":208}},{"type":"Feature","geometry":{"type":"Point","coordinates":[-76.27,36.82]},"properties":{"p":235}},{"type":"Feature","geometry":{"type":"Point","coordinates":[-76.47,37.08]},"properties":{"p":182}},{"type":"Feature","geometry":{"type":"Point","coordinates":[-76.29,36.85]},"properties":{"p":246}},{"type":"Feature","geometry":{"type":"Point","coordinates":[-77.46,37.55]},"properties":{"p":220}},{"type":"Feature","geometry":{"type":"Point","coordinates":[-75.98,36.85]},"properties":{"p":453}},{"type":"Feature","geometry":{"type":"Point","coordinates":[-93.61,41.6]},"properties":{"p":210}},{"type":"Feature","geometry":{"type":"Point","coordinates":[-88.32,41.76]},"properties":{"p":201}},{"type":"Feature","geometry":{"type":"Point","coordinates":[-87.65,41.85]},"properties":{"p":2721}},{"type":"Feature","geometry":{"type":"Point","coordinates":[-85.13,41.13]},"properties":{"p":260}},{"type":"Feature","geometry":{"type":"Point","coordinates":[-71.06,42.36]},"properties":{"p":667}},{"type":"Feature","geometry":{"type":"Point","coordinates":[-71.05,42.33]},"properties":{"p":571}},{"type":"Feature","geometry":{"type":"Point","coordinates":[-72.59,42.1]},"properties":{"p":154}},{"type":"Feature","geometry":{"type":"Point","coordinates":[-71.8,42.26]},"properties":{"p":185}},{"type":"Feature","geometry":{"type":"Point","coordinates":[-83.05,42.33]},"properties":{"p":677}},{"type":"Feature","geometry":{"type":"Point","coordinates":[-85.67,42.96]},"properties":{"p":195}},{"type":"Feature","geometry":{"type":"Point","coordinates":[-93.26,44.98]},"properties":{"p":411}},{"type":"Feature","geometry":{"type":"Point","coordinates":[-93.09,44.94]},"properties":{"p":285}},{"type":"Feature","geometry":{"type":"Point","coordinates":[-96.67,40.8]},"properties":{"p":277}},{"type":"Feature","geometry":{"type":"Point","coordinates":[-95.94,41.26]},"properties":{"p":444}},{"type":"Feature","geometry":{"type":"Point","coordinates":[-74.08,40.73]},"properties":{"p":264}},{"type":"Feature","geometry":{"type":"Point","coordinates":[-74.17,40.74]},"properties":{"p":282}},{"type":"Feature","geometry":{"type":"Point","coordinates":[-73.93,40.77]},"properties":{"p":150}},{"type":"Feature","geometry":{"type":"Point","coordinates":[-73.87,40.85]},"properties":{"p":1385}},{"type":"Feature","geometry":{"type":"Point","coordinates":[-73.95,40.65]},"properties":{"p":2301}},{"type":"Feature","geometry":{"type":"Point","coordinates":[-78.88,42.89]},"properties":{"p":258}},{"type":"Feature","geometry":{"type":"Point","coordinates":[-73.93,40.65]},"properties":{"p":178}},{"type":"Feature","geometry":{"type":"Point","coordinates":[-73.88,40.67]},"properties":{"p":173}},{"type":"Feature","geometry":{"type":"Point","coordinates":[-73.81,40.69]},"properties":{"p":217}},{"type":"Feature","geometry":{"type":"Point","coordinates":[-73.97,40.78]},"properties":{"p":1488}},{"type":"Feature","geometry":{"type":"Point","coordinates":[-74.01,40.71]},"properties":{"p":8175}},{"type":"Feature","geometry":{"type":"Point","coordinates":[-73.84,40.68]},"properties":{"p":2273}},{"type":"Feature","geometry":{"type":"Point","coordinates":[-77.62,43.15]},"properties":{"p":210}},{"type":"Feature","geometry":{"type":"Point","coordinates":[-74.14,40.56]},"properties":{"p":469}},{"type":"Feature","geometry":{"type":"Point","coordinates":[-73.94,40.85]},"properties":{"p":153}},{"type":"Feature","geometry":{"type":"Point","coordinates":[-73.9,40.93]},"properties":{"p":201}},{"type":"Feature","geometry":{"type":"Point","coordinates":[-81.52,41.08]},"properties":{"p":198}},{"type":"Feature","geometry":{"type":"Point","coordinates":[-81.7,41.5]},"properties":{"p":388}},{"type":"Feature","geometry":{"type":"Point","coordinates":[-83.56,41.66]},"properties":{"p":280}},{"type":"Feature","geometry":{"type":"Point","coordinates":[-80,40.44]},"properties":{"p":304}},{"type":"Feature","geometry":{"type":"Point","coordinates":[-71.41,41.82]},"properties":{"p":179}},{"type":"Feature","geometry":{"type":"Point","coordinates":[-96.7,43.55]},"properties":{"p":172}},{"type":"Feature","geometry":{"type":"Point","coordinates":[-89.4,43.07]},"properties":{"p":249}},{"type":"Feature","geometry":{"type":"Point","coordinates":[-87.91,43.04]},"properties":{"p":600}},{"type":"Feature","geometry":{"type":"Point","coordinates":[-111.84,33.31]},"properties":{"p":261}},{"type":"Feature","geometry":{"type":"Point","coordinates":[-112.13,33.68]},"properties":{"p":166}},{"type":"Feature","geometry":{"type":"Point","coordinates":[-111.79,33.35]},"properties":{"p":248}},{"type":"Feature","geometry":{"type":"Point","coordinates":[-112.19,33.54]},"properties":{"p":240}},{"type":"Feature","geometry":{"type":"Point","coordinates":[-112.18,33.5]},"properties":{"p":208}},{"type":"Feature","geometry":{"type":"Point","coordinates":[-111.82,33.42]},"properties":{"p":472}},{"type":"Feature","geometry":{"type":"Point","coordinates":[-112.24,33.58]},"properties":{"p":171}},{"type":"Feature","geometry":{"type":"Point","coordinates":[-112.07,33.45]},"properties":{"p":1563}},{"type":"Feature","geometry":{"type":"Point","coordinates":[-111.9,33.51]},"properties":{"p":237}},{"type":"Feature","geometry":{"type":"Point","coordinates":[-111.91,33.41]},"properties":{"p":176}},{"type":"Feature","geometry":{"type":"Point","coordinates":[-111.94,33.41]},"properties":{"p":158}},{"type":"Feature","geometry":{"type":"Point","coordinates":[-110.93,32.22]},"properties":{"p":532}},{"type":"Feature","geometry":{"type":"Point","coordinates":[-117.91,33.84]},"properties":{"p":351}},{"type":"Feature","geometry":{"type":"Point","coordinates":[-119.02,35.37]},"properties":{"p":374}},{"type":"Feature","geometry":{"type":"Point","coordinates":[-117.08,32.64]},"properties":{"p":266}},{"type":"Feature","geometry":{"type":"Point","coordinates":[-117.57,33.88]},"properties":{"p":164}},{"type":"Feature","geometry":{"type":"Point","coordinates":[-121.37,38.41]},"properties":{"p":167}},{"type":"Feature","geometry":{"type":"Point","coordinates":[-117.09,33.12]},"properties":{"p":151}},{"type":"Feature","geometry":{"type":"Point","coordinates":[-117.44,34.09]},"properties":{"p":207}},{"type":"Feature","geometry":{"type":"Point","coordinates":[-121.99,37.55]},"properties":{"p":232}},{"type":"Feature","geometry":{"type":"Point","coordinates":[-119.77,36.75]},"properties":{"p":520}},{"type":"Feature","geometry":{"type":"Point","coordinates":[-117.94,33.77]},"properties":{"p":175}},{"type":"Feature","geometry":{"type":"Point","coordinates":[-118.26,34.14]},"properties":{"p":201}},{"type":"Feature","geometry":{"type":"Point","coordinates":[-122.08,37.67]},"properties":{"p":158}},{"type":"Feature","geometry":{"type":"Point","coordinates":[-118.33,34.1]},"properties":{"p":168}},{"type":"Feature","geometry":{"type":"Point","coordinates":[-118,33.66]},"properties":{"p":202}},{"type":"Feature","geometry":{"type":"Point","coordinates":[-117.82,33.67]},"properties":{"p":257}},{"type":"Feature","geometry":{"type":"Point","coordinates":[-118.14,34.7]},"properties":{"p":161}},{"type":"Feature","geometry":{"type":"Point","coordinates":[-118.19,33.77]},"properties":{"p":474}},{"type":"Feature","geometry":{"type":"Point","coordinates":[-118.24,34.05]},"properties":{"p":3972}},{"type":"Feature","geometry":{"type":"Point","coordinates":[-121,37.64]},"properties":{"p":211}},{"type":"Feature","geometry":{"type":"Point","coordinates":[-117.23,33.94]},"properties":{"p":204}},{"type":"Feature","geometry":{"type":"Point","coordinates":[-122.27,37.8]},"properties":{"p":419}},{"type":"Feature","geometry":{"type":"Point","coordinates":[-117.38,33.2]},"properties":{"p":176}},{"type":"Feature","geometry":{"type":"Point","coordinates":[-117.65,34.06]},"properties":{"p":171}},{"type":"Feature","geometry":{"type":"Point","coordinates":[-119.18,34.2]},"properties":{"p":207}},{"type":"Feature","geometry":{"type":"Point","coordinates":[-118.12,34.58]},"properties":{"p":158}},{"type":"Feature","geometry":{"type":"Point","coordinates":[-117.75,34.06]},"properties":{"p":153}},{"type":"Feature","geometry":{"type":"Point","coordinates":[-117.59,34.11]},"properties":{"p":175}},{"type":"Feature","geometry":{"type":"Point","coordinates":[-117.4,33.95]},"properties":{"p":322}},{"type":"Feature","geometry":{"type":"Point","coordinates":[-121.49,38.58]},"properties":{"p":491}},{"type":"Feature","geometry":{"type":"Point","coordinates":[-121.66,36.68]},"properties":{"p":157}},{"type":"Feature","geometry":{"type":"Point","coordinates":[-117.29,34.11]},"properties":{"p":216}},{"type":"Feature","geometry":{"type":"Point","coordinates":[-117.16,32.72]},"properties":{"p":1395}},{"type":"Feature","geometry":{"type":"Point","coordinates":[-122.42,37.77]},"properties":{"p":865}},{"type":"Feature","geometry":{"type":"Point","coordinates":[-121.89,37.34]},"properties":{"p":1027}},{"type":"Feature","geometry":{"type":"Point","coordinates":[-117.87,33.75]},"properties":{"p":335}},{"type":"Feature","geometry":{"type":"Point","coordinates":[-118.54,34.39]},"properties":{"p":182}},{"type":"Feature","geometry":{"type":"Point","coordinates":[-122.71,38.44]},"properties":{"p":175}},{"type":"Feature","geometry":{"type":"Point","coordinates":[-121.29,37.96]},"properties":{"p":306}},{"type":"Feature","geometry":{"type":"Point","coordinates":[-122.04,37.37]},"properties":{"p":152}},{"type":"Feature","geometry":{"type":"Point","coordinates":[-104.83,39.73]},"properties":{"p":359}},{"type":"Feature","geometry":{"type":"Point","coordinates":[-104.82,38.83]},"properties":{"p":457}},{"type":"Feature","geometry":{"type":"Point","coordinates":[-104.98,39.74]},"properties":{"p":683}},{"type":"Feature","geometry":{"type":"Point","coordinates":[-105.08,39.7]},"properties":{"p":153}},{"type":"Feature","geometry":{"type":"Point","coordinates":[-106.65,35.08]},"properties":{"p":559}},{"type":"Feature","geometry":{"type":"Point","coordinates":[-114.98,36.04]},"properties":{"p":286}},{"type":"Feature","geometry":{"type":"Point","coordinates":[-115.14,36.17]},"properties":{"p":624}},{"type":"Feature","geometry":{"type":"Point","coordinates":[-115.12,36.2]},"properties":{"p":235}},{"type":"Feature","geometry":{"type":"Point","coordinates":[-115.15,36.1]},"properties":{"p":223}},{"type":"Feature","geometry":{"type":"Point","coordinates":[-119.81,39.53]},"properties":{"p":241}},{"type":"Feature","geometry":{"type":"Point","coordinates":[-115.24,36.11]},"properties":{"p":178}},{"type":"Feature","geometry":{"type":"Point","coordinates":[-115.07,36.21]},"properties":{"p":189}},{"type":"Feature","geometry":{"type":"Point","coordinates":[-101.83,35.22]},"properties":{"p":199}},{"type":"Feature","geometry":{"type":"Point","coordinates":[-106.49,31.76]},"properties":{"p":681}},{"type":"Feature","geometry":{"type":"Point","coordinates":[-101.86,33.58]},"properties":{"p":249}},{"type":"Feature","geometry":{"type":"Point","coordinates":[-105.08,40.59]},"properties":{"p":161}},{"type":"Feature","geometry":{"type":"Point","coordinates":[-123.09,44.05]},"properties":{"p":163}},{"type":"Feature","geometry":{"type":"Point","coordinates":[-122.68,45.52]},"properties":{"p":632}},{"type":"Feature","geometry":{"type":"Point","coordinates":[-123.04,44.94]},"properties":{"p":165}},{"type":"Feature","geometry":{"type":"Point","coordinates":[-111.89,40.76]},"properties":{"p":193}},{"type":"Feature","geometry":{"type":"Point","coordinates":[-122.33,47.61]},"properties":{"p":684}},{"type":"Feature","geometry":{"type":"Point","coordinates":[-117.43,47.66]},"properties":{"p":213}},{"type":"Feature","geometry":{"type":"Point","coordinates":[-122.44,47.25]},"properties":{"p":208}},{"type":"Feature","geometry":{"type":"Point","coordinates":[-122.66,45.64]},"properties":{"p":173}},{"type":"Feature","geometry":{"type":"Point","coordinates":[-157.86,21.31]},"properties":{"p":372}},{"type":"Feature","geometry":{"type":"Point","coordinates":[-149.9,61.22]},"properties":{"p":299}},{"type":"Feature","geometry":{"type":"Point","coordinates":[-56.19,-34.9]},"properties":{"p":1271}},{"type":"Feature","geometry":{"type":"Point","coordinates":[59.61,42.45]},"properties":{"p":230}},{"type":"Feature","geometry":{"type":"Point","coordinates":[66.96,39.65]},"properties":{"p":319}},{"type":"Feature","geometry":{"type":"Point","coordinates":[65.79,38.86]},"properties":{"p":223}},{"type":"Feature","geometry":{"type":"Point","coordinates":[64.43,39.77]},"properties":{"p":248}},{"type":"Feature","geometry":{"type":"Point","coordinates":[60.63,41.55]},"properties":{"p":150}},{"type":"Feature","geometry":{"type":"Point","coordinates":[69.22,41.26]},"properties":{"p":1978}},{"type":"Feature","geometry":{"type":"Point","coordinates":[70.94,40.53]},"properties":{"p":187}},{"type":"Feature","geometry":{"type":"Point","coordinates":[71.67,41]},"properties":{"p":432}},{"type":"Feature","geometry":{"type":"Point","coordinates":[67.83,40.12]},"properties":{"p":153}},{"type":"Feature","geometry":{"type":"Point","coordinates":[71.78,40.38]},"properties":{"p":164}},{"type":"Feature","geometry":{"type":"Point","coordinates":[69.58,41.47]},"properties":{"p":168}},{"type":"Feature","geometry":{"type":"Point","coordinates":[72.34,40.78]},"properties":{"p":318}},{"type":"Feature","geometry":{"type":"Point","coordinates":[-70.23,8.59]},"properties":{"p":284}},{"type":"Feature","geometry":{"type":"Point","coordinates":[-68.01,10.16]},"properties":{"p":1385}},{"type":"Feature","geometry":{"type":"Point","coordinates":[-67.47,10.23]},"properties":{"p":345}},{"type":"Feature","geometry":{"type":"Point","coordinates":[-66.66,10.23]},"properties":{"p":279}},{"type":"Feature","geometry":{"type":"Point","coordinates":[-72.22,7.77]},"properties":{"p":247}},{"type":"Feature","geometry":{"type":"Point","coordinates":[-64.63,10.21]},"properties":{"p":370}},{"type":"Feature","geometry":{"type":"Point","coordinates":[-68.01,10.47]},"properties":{"p":174}},{"type":"Feature","geometry":{"type":"Point","coordinates":[-66.81,10.48]},"properties":{"p":365}},{"type":"Feature","geometry":{"type":"Point","coordinates":[-66.78,10.12]},"properties":{"p":166}},{"type":"Feature","geometry":{"type":"Point","coordinates":[-71.13,8.42]},"properties":{"p":215}},{"type":"Feature","geometry":{"type":"Point","coordinates":[-71.16,8.59]},"properties":{"p":300}},{"type":"Feature","geometry":{"type":"Point","coordinates":[-67.59,10.24]},"properties":{"p":1754}},{"type":"Feature","geometry":{"type":"Point","coordinates":[-71.61,10.67]},"properties":{"p":2225}},{"type":"Feature","geometry":{"type":"Point","coordinates":[-66.54,10.47]},"properties":{"p":192}},{"type":"Feature","geometry":{"type":"Point","coordinates":[-66.62,10.47]},"properties":{"p":182}},{"type":"Feature","geometry":{"type":"Point","coordinates":[-67.88,10.23]},"properties":{"p":152}},{"type":"Feature","geometry":{"type":"Point","coordinates":[-64.25,8.89]},"properties":{"p":151}},{"type":"Feature","geometry":{"type":"Point","coordinates":[-64.18,10.45]},"properties":{"p":258}},{"type":"Feature","geometry":{"type":"Point","coordinates":[-66.88,10.16]},"properties":{"p":183}},{"type":"Feature","geometry":{"type":"Point","coordinates":[-69.67,11.4]},"properties":{"p":195}},{"type":"Feature","geometry":{"type":"Point","coordinates":[-62.64,8.35]},"properties":{"p":747}},{"type":"Feature","geometry":{"type":"Point","coordinates":[-63.54,8.13]},"properties":{"p":338}},{"type":"Feature","geometry":{"type":"Point","coordinates":[-66.88,10.49]},"properties":{"p":3000}},{"type":"Feature","geometry":{"type":"Point","coordinates":[-71.45,10.4]},"properties":{"p":201}},{"type":"Feature","geometry":{"type":"Point","coordinates":[-66.88,10.43]},"properties":{"p":244}},{"type":"Feature","geometry":{"type":"Point","coordinates":[-69.36,10.06]},"properties":{"p":809}},{"type":"Feature","geometry":{"type":"Point","coordinates":[-70.21,8.62]},"properties":{"p":353}},{"type":"Feature","geometry":{"type":"Point","coordinates":[-64.69,10.14]},"properties":{"p":425}},{"type":"Feature","geometry":{"type":"Point","coordinates":[-63.18,9.75]},"properties":{"p":411}},{"type":"Feature","geometry":{"type":"Point","coordinates":[107.08,10.35]},"properties":{"p":210}},{"type":"Feature","geometry":{"type":"Point","coordinates":[105.69,18.67]},"properties":{"p":164}},{"type":"Feature","geometry":{"type":"Point","coordinates":[106.63,10.82]},"properties":{"p":3467}},{"type":"Feature","geometry":{"type":"Point","coordinates":[105.76,10.29]},"properties":{"p":204}},{"type":"Feature","geometry":{"type":"Point","coordinates":[105.08,10.01]},"properties":{"p":228}},{"type":"Feature","geometry":{"type":"Point","coordinates":[109.22,13.78]},"properties":{"p":210}},{"type":"Feature","geometry":{"type":"Point","coordinates":[108.1,10.93]},"properties":{"p":161}},{"type":"Feature","geometry":{"type":"Point","coordinates":[109.19,12.25]},"properties":{"p":283}},{"type":"Feature","geometry":{"type":"Point","coordinates":[106.18,20.43]},"properties":{"p":193}},{"type":"Feature","geometry":{"type":"Point","coordinates":[105.44,10.39]},"properties":{"p":158}},{"type":"Feature","geometry":{"type":"Point","coordinates":[107.77,10.66]},"properties":{"p":161}},{"type":"Feature","geometry":{"type":"Point","coordinates":[107.6,16.46]},"properties":{"p":287}},{"type":"Feature","geometry":{"type":"Point","coordinates":[105.84,21.02]},"properties":{"p":1431}},{"type":"Feature","geometry":{"type":"Point","coordinates":[106.68,20.86]},"properties":{"p":603}},{"type":"Feature","geometry":{"type":"Point","coordinates":[108.37,11.74]},"properties":{"p":161}},{"type":"Feature","geometry":{"type":"Point","coordinates":[108.22,16.07]},"properties":{"p":752}},{"type":"Feature","geometry":{"type":"Point","coordinates":[108.44,11.95]},"properties":{"p":197}},{"type":"Feature","geometry":{"type":"Point","coordinates":[105.79,10.04]},"properties":{"p":260}},{"type":"Feature","geometry":{"type":"Point","coordinates":[106.67,10.61]},"properties":{"p":152}},{"type":"Feature","geometry":{"type":"Point","coordinates":[106.82,10.94]},"properties":{"p":407}},{"type":"Feature","geometry":{"type":"Point","coordinates":[107.81,11.55]},"properties":{"p":152}},{"type":"Feature","geometry":{"type":"Point","coordinates":[107.13,10.57]},"properties":{"p":221}},{"type":"Feature","geometry":{"type":"Point","coordinates":[20.74,42.21]},"properties":{"p":171}},{"type":"Feature","geometry":{"type":"Point","coordinates":[21.17,42.67]},"properties":{"p":550}},{"type":"Feature","geometry":{"type":"Point","coordinates":[44.02,13.58]},"properties":{"p":615}},{"type":"Feature","geometry":{"type":"Point","coordinates":[44.21,15.35]},"properties":{"p":1937}},{"type":"Feature","geometry":{"type":"Point","coordinates":[44.18,13.97]},"properties":{"p":235}},{"type":"Feature","geometry":{"type":"Point","coordinates":[44.41,14.54]},"properties":{"p":160}},{"type":"Feature","geometry":{"type":"Point","coordinates":[49.12,14.54]},"properties":{"p":258}},{"type":"Feature","geometry":{"type":"Point","coordinates":[42.95,14.8]},"properties":{"p":618}},{"type":"Feature","geometry":{"type":"Point","coordinates":[45.04,12.78]},"properties":{"p":551}},{"type":"Feature","geometry":{"type":"Point","coordinates":[27.87,-26.16]},"properties":{"p":225}},{"type":"Feature","geometry":{"type":"Point","coordinates":[29.23,-25.87]},"properties":{"p":262}},{"type":"Feature","geometry":{"type":"Point","coordinates":[27.65,-26.32]},"properties":{"p":157}},{"type":"Feature","geometry":{"type":"Point","coordinates":[26.74,-27.98]},"properties":{"p":432}},{"type":"Feature","geometry":{"type":"Point","coordinates":[30.79,-27.77]},"properties":{"p":150}},{"type":"Feature","geometry":{"type":"Point","coordinates":[27.93,-26.67]},"properties":{"p":475}},{"type":"Feature","geometry":{"type":"Point","coordinates":[27.84,-26.71]},"properties":{"p":247}},{"type":"Feature","geometry":{"type":"Point","coordinates":[25.4,-33.76]},"properties":{"p":229}},{"type":"Feature","geometry":{"type":"Point","coordinates":[28.23,-26]},"properties":{"p":512}},{"type":"Feature","geometry":{"type":"Point","coordinates":[28.4,-26.25]},"properties":{"p":186}},{"type":"Feature","geometry":{"type":"Point","coordinates":[27.86,-26.27]},"properties":{"p":1695}},{"type":"Feature","geometry":{"type":"Point","coordinates":[32.04,-28.78]},"properties":{"p":253}},{"type":"Feature","geometry":{"type":"Point","coordinates":[28,-26.09]},"properties":{"p":337}},{"type":"Feature","geometry":{"type":"Point","coordinates":[28.19,-25.74]},"properties":{"p":1619}},{"type":"Feature","geometry":{"type":"Point","coordinates":[25.61,-33.96]},"properties":{"p":968}},{"type":"Feature","geometry":{"type":"Point","coordinates":[30.39,-29.62]},"properties":{"p":751}},{"type":"Feature","geometry":{"type":"Point","coordinates":[29.93,-27.76]},"properties":{"p":405}},{"type":"Feature","geometry":{"type":"Point","coordinates":[29.46,-25.78]},"properties":{"p":155}},{"type":"Feature","geometry":{"type":"Point","coordinates":[27.78,-26.09]},"properties":{"p":379}},{"type":"Feature","geometry":{"type":"Point","coordinates":[26.67,-26.85]},"properties":{"p":179}},{"type":"Feature","geometry":{"type":"Point","coordinates":[28.04,-26.2]},"properties":{"p":2026}},{"type":"Feature","geometry":{"type":"Point","coordinates":[27.91,-33.02]},"properties":{"p":479}},{"type":"Feature","geometry":{"type":"Point","coordinates":[31.03,-29.86]},"properties":{"p":3120}},{"type":"Feature","geometry":{"type":"Point","coordinates":[27.4,-26.36]},"properties":{"p":182}},{"type":"Feature","geometry":{"type":"Point","coordinates":[28.37,-26.24]},"properties":{"p":306}},{"type":"Feature","geometry":{"type":"Point","coordinates":[26.73,-29.27]},"properties":{"p":310}},{"type":"Feature","geometry":{"type":"Point","coordinates":[28.26,-26.21]},"properties":{"p":445}},{"type":"Feature","geometry":{"type":"Point","coordinates":[26.21,-29.12]},"properties":{"p":463}},{"type":"Feature","geometry":{"type":"Point","coordinates":[28.32,-26.19]},"properties":{"p":605}},{"type":"Feature","geometry":{"type":"Point","coordinates":[28.13,-25.99]},"properties":{"p":173}},{"type":"Feature","geometry":{"type":"Point","coordinates":[28.19,-25.86]},"properties":{"p":233}},{"type":"Feature","geometry":{"type":"Point","coordinates":[18.98,-33.73]},"properties":{"p":190}},{"type":"Feature","geometry":{"type":"Point","coordinates":[18.42,-33.93]},"properties":{"p":3433}},{"type":"Feature","geometry":{"type":"Point","coordinates":[28.01,-25.93]},"properties":{"p":350}},{"type":"Feature","geometry":{"type":"Point","coordinates":[28.64,-12.96]},"properties":{"p":395}},{"type":"Feature","geometry":{"type":"Point","coordinates":[28.29,-15.41]},"properties":{"p":1267}},{"type":"Feature","geometry":{"type":"Point","coordinates":[28.21,-12.8]},"properties":{"p":401}},{"type":"Feature","geometry":{"type":"Point","coordinates":[28.45,-14.45]},"properties":{"p":189}},{"type":"Feature","geometry":{"type":"Point","coordinates":[32.67,-18.97]},"properties":{"p":184}},{"type":"Feature","geometry":{"type":"Point","coordinates":[31.05,-17.83]},"properties":{"p":1543}},{"type":"Feature","geometry":{"type":"Point","coordinates":[28.58,-20.15]},"properties":{"p":699}},{"type":"Feature","geometry":{"type":"Point","coordinates":[31.08,-18.01]},"properties":{"p":340}}]}